START_DATETIME,END_DATETIME_ORGINAL,END_DATETIME_ACTUAL,DIRECTION_NAME,PUBLISHED,REVOKED_BY,URL
16/03/2020 12:00 PM,14/04/2020 12:00 AM,18/03/2020 05:00 PM,Direction from Chief Health Officer in accordance with emergency powers arising from declared state of emergency,16/03/2020 12:00 AM,"Mass Gatherings Direction (Part 1), Airport Arrivals Direction (Part 2)",https://www.vicbar.com.au/sites/default/files/V-02%202020-03-16%20CHO%20direction.pdf
18/03/2020 05:00 PM,14/04/2020 12:00 AM,22/03/2020 12:00 AM,Mass Gatherings Direction,18/03/2020 12:00 AM,Mass Gatherings Directions (No 2),https://www.dhhs.vic.gov.au/sites/default/files/documents/202003/state-of-emergency-signed-direction-mass-gatherings-%28DCHO%29-20200318.pdf
18/03/2020 05:00 PM,14/04/2020 12:00 AM,29/03/2020 12:00 AM,Airport Arrivals Direction,18/03/2020 12:00 AM,Revocation of Airport Arrivals Direction and Cruise Ship Docking Direction,https://www.dhhs.vic.gov.au/sites/default/files/documents/202003/state-of-emergency-signed-direction-airport-arrivals-%28DCHO%29-20200318.pdf
19/03/2020 12:00 PM,14/04/2020 12:00 AM,29/03/2020 12:00 AM,Cruise Ship Docking Direction,19/03/2020 12:00 AM,Revocation of Airport Arrivals Direction and Cruise Ship Docking Direction,https://www.dhhs.vic.gov.au/sites/default/files/documents/202003/state-of-emergency-signed-direction-cruise-ships-%28DCHO%29-20200319.pdf
21/03/2020 06:00 PM,14/04/2020 12:00 AM,8/04/2020 12:00 AM,Aged Care Facilities Directions,21/03/2020 12:00 AM,Care Facilities Directions ,https://www.dhhs.vic.gov.au/sites/default/files/documents/202003/AgedCareDirection_signed.pdf
22/03/2020 12:00 AM,14/04/2020 12:00 AM,26/03/2020 12:00 AM,Mass Gatherings Directions (No 2),21/03/2020 12:00 AM,Prohibited Gatherings Directions,https://www.dhhs.vic.gov.au/sites/default/files/documents/202003/Mass%20Gatherings%20No2%20Direction%2021%20March%202020_signed.pdf
23/03/2020 12:00 PM,14/04/2020 12:00 AM,26/03/2020 12:00 AM,Non-essential Business Closure Direction,23/03/2020 12:00 AM,Non-essential Activity Directions,https://www.dhhs.vic.gov.au/sites/default/files/documents/202003/Directions-Non-Essential-Business-Closure.pdf
24/03/2020 12:00 AM,14/04/2020 12:00 AM,14/04/2020 12:00 AM,Hospital Visitor Directions,23/03/2020 12:00 AM,Hospital Visitor Directions (No 2),https://www.dhhs.vic.gov.au/sites/default/files/documents/202003/Direction%20-%20Hospital%20Visitors%20(signed).pdf
26/03/2020 12:00 AM,14/04/2020 12:00 AM,14/04/2020 12:00 AM,Isolation (Diagnosis) Direction,25/03/2020 12:00 AM,Isolation (Diagnosis) Direction (No 2),https://www.dhhs.vic.gov.au/sites/default/files/documents/202003/Isolation%20%28Diagnosis%29%20Direction%20-%20signed.pdf
26/03/2020 12:00 AM,14/04/2020 12:00 AM,31/03/2020 12:00 AM,Prohibited Gatherings Directions,25/03/2020 12:00 AM,Stay at Home Directions,https://www.dhhs.vic.gov.au/sites/default/files/documents/202003/Prohibited%20Gatherings%20Direction%20-%2025%20March%202020.pdf
26/03/2020 12:00 AM,14/04/2020 12:00 AM,27/03/2020 12:00 AM,Non-essential Activity Directions,25/03/2020 12:00 AM,Non-essential Activity Directions (No 2),https://www.dhhs.vic.gov.au/sites/default/files/documents/202003/Non-Essential%20Activity%20Directions%20-%2025%20March%202020%20%281%29.pdf
27/03/2020 12:00 AM,14/04/2020 12:00 AM,31/03/2020 12:00 AM,Non-essential Activity Directions (No 2),26/03/2020 12:00 AM,Restricted Activity Directions,https://www.dhhs.vic.gov.au/sites/default/files/documents/202003/Non-Essential-Activity-Directions-No-2.pdf
29/03/2020 12:00 AM,29/03/2020 12:00 AM,29/03/2020 12:00 AM,Revocation of Airport Arrivals Direction and Cruise Ship Docking Direction,28/03/2020 12:00 AM,,https://www.dhhs.vic.gov.au/sites/default/files/documents/202003/revocation-of-airport-arrivals%20and-cruise-ships-directions-2020-03-28.pdf
31/03/2020 12:00 AM,14/04/2020 12:00 AM,8/04/2020 12:00 AM,Restricted Activity Directions,30/03/2020 12:00 AM,Restricted Activity Directions (No 2),https://www.dhhs.vic.gov.au/sites/default/files/documents/202003/Restricted%20Activity%20Directions%20.pdf
31/03/2020 12:00 AM,14/04/2020 12:00 AM,3/04/2020 12:00 AM,Stay at Home Directions,30/03/2020 12:00 AM,Stay at Home Directions (No 2),https://www.dhhs.vic.gov.au/sites/default/files/documents/202003/Stay%20at%20Home%20Directions%20.pdf
3/04/2020 12:00 AM,14/04/2020 12:00 AM,8/04/2020 12:00 AM,Stay at Home Directions (No 2),2/04/2020 12:00 AM,Stay at Home Directions (No 3) ,https://www.dhhs.vic.gov.au/sites/default/files/documents/202004/Stay%20At%20Home%20Directions%20%28No%202%29%20-%20signed.pdf
8/04/2020 12:00 AM,14/04/2020 12:00 AM,14/04/2020 12:00 AM,Care Facilities Directions ,7/04/2020 12:00 AM,Care Facilities Directions (No 2),https://www.dhhs.vic.gov.au/sites/default/files/documents/202004/Direction%20-%20Care%20Facilities%20%28signed%29.pdf
31/03/2020 12:00 AM,14/04/2020 12:00 AM,14/04/2020 12:00 AM,Restricted Activity Directions (No 2),7/04/2020 12:00 AM,Restricted Activity Directions (No 3),https://www.dhhs.vic.gov.au/sites/default/files/documents/202004/Direction%20-%20Restricted%20Activity%20No.2%20%28signed%29.pdf
8/04/2020 12:00 AM,14/04/2020 12:00 AM,14/04/2020 12:00 AM,Stay at Home Directions (No 3) ,7/04/2020 12:00 AM,Stay at Home Directions (No 4),https://www.dhhs.vic.gov.au/sites/default/files/documents/202004/Direction%20-%20Stay%20at%20Home%20No.3%20%28signed%29.pdf
14/04/2020 12:00 AM,12/05/2020 12:00 AM,18/04/2020 12:00 AM,Restricted Activity Directions (No 3),13/04/2020 12:00 AM,Restricted Activity Directions (No 4),https://www.dhhs.vic.gov.au/sites/default/files/documents/202004/B1%20-%20Restricted%20Activity%20direction%20%28No%203%29%20%28signed%29.pdf
14/04/2020 12:00 AM,12/05/2020 12:00 AM,12/05/2020 12:00 AM,Care Facilities Directions (No 2),13/04/2020 12:00 AM,Care Facilities Directions (No 3),https://www.dhhs.vic.gov.au/sites/default/files/documents/202004/Direction%20-%20Care%20Facilities%20%28signed%29.pdf
14/04/2020 12:00 AM,12/05/2020 12:00 AM,12/05/2020 12:00 AM,Hospital Visitor Directions (No 2),13/04/2020 12:00 AM,Hospital Visitor Directions (No 3),https://www.dhhs.vic.gov.au/sites/default/files/documents/202004/B3%20-%20Hospital%20Visitor%20Direction%20%28No%202%29%20%28signed%29.pdf
14/04/2020 12:00 AM,12/05/2020 12:00 AM,12/05/2020 12:00 AM,Stay at Home Directions (No 4),13/04/2020 12:00 AM,Stay at Home Directions (No 5),https://www.dhhs.vic.gov.au/sites/default/files/documents/202004/b4%20-%20stay%20at%20home%20direction%20%28no%204%29%20%28signed%29.pdf
14/04/2020 12:00 AM,12/05/2020 12:00 AM,12/05/2020 12:00 AM,Isolation (Diagnosis) Direction (No 2),13/04/2020 12:00 AM,Diagnosed persons and close contacts Directions,https://www.dhhs.vic.gov.au/sites/default/files/documents/202004/b5%20-%20isolation%20(diagnosis)%20direction%20(no%202)%20(signed).pdf
18/04/2020 12:00 AM,12/05/2020 12:00 AM,25/04/2020 12:00 AM,Restricted Activity Directions (No 4),17/04/2020 12:00 AM,Restricted Activity Directions (No 5),https://www.dhhs.vic.gov.au/sites/default/files/documents/202004/direction-restricted-activity-no-4-signed-2020-04-17.pdf
25/04/2020 12:00 AM,12/05/2020 12:00 AM,12/05/2020 12:00 AM,Restricted Activity Directions (No 5),27/04/2020 12:00 AM,Restricted Activity Directions (No 6),https://www.dhhs.vic.gov.au/sites/default/files/documents/202004/state-emergency-directions-restricted-activity-directions-No5-signed-24-04-2020.pdf
12/05/2020 12:00 AM,12/05/2020 11:59 PM,12/05/2020 11:59 PM,Restricted Activity Directions (No 6),11/05/2020 12:00 AM,Restricted Activity Directions (No 7),https://www.dhhs.vic.gov.au/sites/default/files/documents/202005/direction-restricted-activity-no-6-signed-2020-05-11.pdf
12/05/2020 11:59 PM,31/05/2020 11:59 PM,25/05/2020 11:59 PM,Restricted Activity Directions (No 7),11/05/2020 12:00 AM,Restricted Activity Directions (No 8),https://www.dhhs.vic.gov.au/sites/default/files/documents/202005/direction-restricted-activity-no-7-signed-2020-05-11.pdf
12/05/2020 12:00 AM,12/05/2020 11:59 PM,12/05/2020 11:59 PM,Stay at Home Directions (No 5),11/05/2020 12:00 AM,Stay at Home Directions (No 6),https://www.dhhs.vic.gov.au/sites/default/files/documents/202005/directions-stay-at-home-no-5-signed-2020-05-11.pdf
12/05/2020 11:59 PM,31/05/2020 11:59 PM,25/05/2020 11:59 PM,Stay at Home Directions (No 6),11/05/2020 12:00 AM,Stay at Home Directions (No 7),https://www.dhhs.vic.gov.au/sites/default/files/documents/202005/directions-stay-at-home-no-6-signed-2020-05-11.pdf
12/05/2020 12:00 AM,31/05/2020 11:59 PM,31/05/2020 11:59 PM,Care Facilities Directions (No 3),11/05/2020 12:00 AM,Care Facilities Directions (No 4),https://www.dhhs.vic.gov.au/sites/default/files/documents/202005/direction-care-facilities-no-3-signed-2020-05-11.pdf
12/05/2020 12:00 AM,31/05/2020 11:59 PM,31/05/2020 11:59 PM,Diagnosed persons and close contacts Directions,11/05/2020 12:00 AM,Diagnosed persons and close contacts Directions (No 2),https://www.dhhs.vic.gov.au/sites/default/files/documents/202005/directions-diagnosed-persons-and-close-contacts-signed-2020-05-11.pdf
12/05/2020 12:00 AM,31/05/2020 11:59 PM,31/05/2020 11:59 PM,Hospital Visitor Directions (No 3),11/05/2020 12:00 AM,Hospital Visitor Directions (No 4),https://www.dhhs.vic.gov.au/sites/default/files/documents/202005/direction-hospital-visitors-no-3-signed-2020-05-11.pdf
25/05/2020 11:59 PM,31/05/2020 11:59 PM,31/05/2020 11:59 PM,Restricted Activity Directions (No 8),24/05/2020 12:00 AM,Restricted Activity Directions (No 9),https://www.dhhs.vic.gov.au/sites/default/files/documents/202005/Restricted%20Activity%20Directions%20No%208%2024%20May%202020.pdf
25/05/2020 11:59 PM,31/05/2020 11:59 PM,31/05/2020 11:59 PM,Stay at Home Directions (No 7),24/05/2020 12:00 AM,Stay Safe Directions,https://www.dhhs.vic.gov.au/sites/default/files/documents/202005/Stay%20at%20Home%20Directions%20No%207%2024%20May%202020.pdf
31/05/2020 11:59 PM,21/06/2020 11:59 PM,21/06/2020 11:59 PM,Restricted Activity Directions (No 9),31/05/2020 12:00 AM,Restricted Activity Directions (No 10),https://www.dhhs.vic.gov.au/sites/default/files/documents/202005/Restricted-Activity%20Directions%20No%209%20-%20signed.pdf
31/05/2020 11:59 PM,21/06/2020 11:59 PM,21/06/2020 11:59 PM,Stay Safe Directions,31/05/2020 12:00 AM,Stay Safe Directions (No 2),https://www.dhhs.vic.gov.au/sites/default/files/documents/202005/stay-safe-directions-signed.pdf
31/05/2020 11:59 PM,21/06/2020 11:59 PM,21/06/2020 11:59 PM,Care Facilities Directions (No 4),31/05/2020 12:00 AM,Care Facilities Directions (No 5),https://www.dhhs.vic.gov.au/sites/default/files/documents/202005/directions-care-facilities-no-4.pdf
31/05/2020 11:59 PM,21/06/2020 11:59 PM,21/06/2020 11:59 PM,Diagnosed persons and close contacts Directions (No 2),31/05/2020 12:00 AM,Diagnosed persons and close contacts Directions (No 3),https://www.dhhs.vic.gov.au/sites/default/files/documents/202005/diagnosed-persons-and-close-contacts-directions-no-2-signed.pdf
31/05/2020 11:59 PM,21/06/2020 11:59 PM,16/06/2020 11:59 PM,Hospital Visitor Directions (No 4),31/05/2020 12:00 AM,Hospital Visitor Directions (No 5),https://www.dhhs.vic.gov.au/sites/default/files/documents/202005/direction-hospital-visitors-no-4-signed.pdf
16/06/2020 11:59 PM,21/06/2020 11:59 PM,21/06/2020 11:59 PM,Hospital Visitor Directions (No 5),16/06/2020 12:00 AM,Hospital Visitor Directions (No 6),https://www.dhhs.vic.gov.au/sites/default/files/documents/202006/direction-hospital-visitors-no-5.pdf
21/06/2020 11:59 PM,12/07/2020 11:59 PM,1/07/2020 11:59 PM,Restricted Activity Directions (No 10),21/06/2020 12:00 AM,Restricted Activity Directions (No 11),https://www.dhhs.vic.gov.au/sites/default/files/documents/202006/Restricted%20Activity%20Directions%20No%2010%20signed.pdf
21/06/2020 11:59 PM,12/07/2020 11:59 PM,1/07/2020 11:59 PM,Stay Safe Directions (No 2),21/06/2020 12:00 AM,Stay Safe Directions (No 3),https://www.dhhs.vic.gov.au/sites/default/files/documents/202006/Stay%20Safe%20Directions%20No%202%20signed.pdf
21/06/2020 11:59 PM,12/07/2020 11:59 PM,1/07/2020 11:59 PM,Care Facilities Directions (No 5),21/06/2020 12:00 AM,Care Facilities Directions (No 6),https://www.dhhs.vic.gov.au/sites/default/files/documents/202006/Care%20Facilities%20Direction%20%28No%205%29%20%28signed%29.pdf
21/06/2020 11:59 PM,12/07/2020 11:59 PM,1/07/2020 11:59 PM,Diagnosed persons and close contacts Directions (No 3),21/06/2020 12:00 AM,Diagnosed persons and close contacts Directions (No 4),https://www.dhhs.vic.gov.au/sites/default/files/documents/202006/Diagnosed%20Persons%20and%20Close%20Contacts%20No%203%20signed.pdf
21/06/2020 11:59 PM,12/07/2020 11:59 PM,1/07/2020 11:59 PM,Hospital Visitor Directions (No 6),21/06/2020 12:00 AM,Hospital Visitor Directions (No 7),https://www.dhhs.vic.gov.au/sites/default/files/documents/202006/Hospital%20Visitor%20Directions%20%28No%206%29%20%28signed%29.pdf
1/07/2020 11:59 PM,19/07/2020 11:59 PM,4/07/2020 11:59 PM,Area Directions,1/07/2020 12:00 AM,Area Directions (No 2),https://www.dhhs.vic.gov.au/sites/default/files/documents/202007/Area%20Directions%20%28signed%29.pdf
1/07/2020 11:59 PM,19/07/2020 11:59 PM,8/07/2020 11:59 PM,Stay at Home Directions (Restricted Postcodes),1/07/2020 12:00 AM,Stay at Home Directions (Restricted Areas),https://www.dhhs.vic.gov.au/sites/default/files/documents/202007/Stay%20at%20Home%20Directions%20%28Restricted%20Postcodes%29%20%28signed%29.pdf
1/07/2020 11:59 PM,19/07/2020 11:59 PM,8/07/2020 11:59 PM,Restricted Activity Directions (Restricted Postcodes),1/07/2020 12:00 AM,Restricted Activity Directions (Restricted Areas),https://www.dhhs.vic.gov.au/sites/default/files/documents/202007/Restricted%20Activity%20Directions%20%28Restricted%20Postcodes%29%20%28Signed%29%20.pdf
1/07/2020 11:59 PM,19/07/2020 11:59 PM,8/07/2020 11:59 PM,Stay Safe Directions (No 3),1/07/2020 12:00 AM,Stay Safe Directions (No 4),https://www.dhhs.vic.gov.au/sites/default/files/documents/202007/Stay%20Safe%20Directions%20%28No%203%29%20%28signed%29.pdf
1/07/2020 11:59 PM,19/07/2020 11:59 PM,19/07/2020 11:59 PM,Care Facilities Directions (No 6),1/07/2020 12:00 AM,Care Facilities Directions (No 7),https://www.dhhs.vic.gov.au/sites/default/files/documents/202007/Care%20Facilities%20Directions%20%28No%206%29%20%28signed%29.pdf
1/07/2020 11:59 PM,19/07/2020 11:59 PM,15/07/2020 11:59 PM,Diagnosed persons and close contacts Directions (No 4),1/07/2020 12:00 AM,Diagnosed persons and close contacts Directions (No 5),https://www.dhhs.vic.gov.au/sites/default/files/documents/202007/Directions%20-%20Diagnosed%20Persons%20and%20Close%20Contacts%20Directions%20%28No%204%29.pdf
1/07/2020 11:59 PM,19/07/2020 11:59 PM,19/07/2020 11:59 PM,Hospital Visitor Directions (No 7),1/07/2020 12:00 AM,Hospital Visitor Directions (No 8),https://www.dhhs.vic.gov.au/sites/default/files/documents/202007/Directions%20-%20Hospital%20Visitor%20Directions%20%28No%207%29.pdf
1/07/2020 11:59 PM,19/07/2020 11:59 PM,8/07/2020 11:59 PM,Restricted Activity Directions (No 11),1/07/2020 12:00 AM,Restricted Activity Directions (No 12),https://www.dhhs.vic.gov.au/sites/default/files/documents/202007/Directions%20-%20Restricted%20Activity%20Directions%20%28No%2011%29_0.pdf
4/07/2020 11:59 PM,19/07/2020 11:59 PM,8/07/2020 11:59 PM,Area Directions (No 2),4/07/2020 12:00 AM,Area Directions (No 3),https://www.dhhs.vic.gov.au/sites/default/files/documents/202007/Area%20Directions%20no2%20%28signed%29_0.pdf
4/07/2020 03:30 PM,18/07/2020 03:30 PM,9/07/2020 11:59 PM,Detention Directions - 12 Sutton Street North Melbourne,4/07/2020 12:00 AM,Revocation of Detention Directions - 12 Sutton Street North Melbourne,https://www.dhhs.vic.gov.au/sites/default/files/documents/202007/DetentionDirection-12SuttonStreet-NorthMelbourne.pdf
4/07/2020 03:30 PM,18/07/2020 03:30 PM,9/07/2020 11:59 PM,Detention Directions - 33 Alfred Street North Melbourne,4/07/2020 12:00 AM,Revocation of Detention Directions - 33 Alfred Street North Melbourne,https://www.dhhs.vic.gov.au/sites/default/files/documents/202007/DetentionDirection-33AlfredStreet-NorthMelbourne.pdf
4/07/2020 03:30 PM,18/07/2020 03:30 PM,9/07/2020 11:59 PM,Detention Directions - 76 Canning Street North Melbourne,4/07/2020 12:00 AM,Revocation of Detention Directions - 76 Canning Street North Melbourne,https://www.dhhs.vic.gov.au/sites/default/files/documents/202007/DetentionDirection-76CanningSt-NorthMelbourne.pdf
4/07/2020 03:30 PM,18/07/2020 03:30 PM,9/07/2020 11:59 PM,Detention Directions - 159 Melrose Street North Melbourne,4/07/2020 12:00 AM,Revocation of Detention Directions - 159 Melrose Street North Melbourne,https://www.dhhs.vic.gov.au/sites/default/files/documents/202007/DetentionDirection-159MelroseSt-NorthMelbourne.pdf
4/07/2020 03:30 PM,18/07/2020 03:30 PM,9/07/2020 11:59 PM,Detention Directions - 9 Pampas Street North Melbourne,4/07/2020 12:00 AM,Revocation of Detention Directions - 9 Pampas Street North Melbourne,https://www.dhhs.vic.gov.au/sites/default/files/documents/202007/DetentionDirection-9PampasStreet-NorthMelbourne.pdf
4/07/2020 03:30 PM,18/07/2020 03:30 PM,9/07/2020 11:59 PM,Detention Directions - 12 Holland Court Flemington,4/07/2020 12:00 AM,Revocation of Detention Directions - 12 Holland Court Flemington,https://www.dhhs.vic.gov.au/sites/default/files/documents/202007/DetentionDirection-12HollandCourt-Flemington.pdf
4/07/2020 03:30 PM,18/07/2020 03:30 PM,9/07/2020 11:59 PM,Detention Directions - 120 Racecourse Road Flemington,4/07/2020 12:00 AM,Revocation of Detention Directions - 120 Racecourse Road Flemington,https://www.dhhs.vic.gov.au/sites/default/files/documents/202007/DetentionDirection-120RacecourseRdFlemington.pdf
4/07/2020 03:30 PM,18/07/2020 03:30 PM,9/07/2020 11:59 PM,Detention Directions - 126 Racecourse Road Flemington,4/07/2020 12:00 AM,Revocation of Detention Directions - 126 Racecourse Road Flemington,https://www.dhhs.vic.gov.au/sites/default/files/documents/202007/DetentionDirection-126RacecourseRdFlemington.pdf
4/07/2020 03:30 PM,18/07/2020 03:30 PM,9/07/2020 11:59 PM,Detention Directions - 130 Racecourse Road Flemington,4/07/2020 12:00 AM,Revocation of Detention Directions - 130 Racecourse Road Flemington,https://www.dhhs.vic.gov.au/sites/default/files/documents/202007/DetentionDirection-130RacecourseRdFlemington.pdf
8/07/2020 11:59 PM,19/07/2020 11:59 PM,19/07/2020 11:59 PM,Area Directions (No 3),8/07/2020 12:00 AM,Area Directions (No 4),https://www.dhhs.vic.gov.au/sites/default/files/documents/202007/Area%20Direction%20%28No%203%29%20%28signed%29%20%288%20July%29.pdf
8/07/2020 11:59 PM,19/07/2020 11:59 PM,10/07/2020 11:59 PM,Stay at Home Directions (Restricted Areas),8/07/2020 12:00 AM,Stay at Home Directions (Restricted Areas) (No 2),https://www.dhhs.vic.gov.au/sites/default/files/documents/202007/Stay%20at%20Home%20Directions%20%28Restricted%20Areas%29%20%28signed%29%208%20July%202020.pdf
8/07/2020 11:59 PM,19/07/2020 11:59 PM,19/07/2020 11:59 PM,Restricted Activity Directions (Restricted Areas),8/07/2020 12:00 AM,Restricted Activity Directions (Restricted Areas) (No 2),https://www.dhhs.vic.gov.au/sites/default/files/documents/202007/Restricted%20Activity%20Directions%20%28Restricted%20Areas%29%20%28signed%29%208%20July%202020.pdf
8/07/2020 11:59 PM,19/07/2020 11:59 PM,19/07/2020 11:59 PM,Restricted Activity Directions (No 12),8/07/2020 12:00 AM,Restricted Activity Directions (No 13),https://www.dhhs.vic.gov.au/sites/default/files/documents/202007/Restricted%20Activity%20Directions%20No%2012%20%28signed%29%20%288%20July%29.pdf
8/07/2020 11:59 PM,19/07/2020 11:59 PM,10/07/2020 11:59 PM,Stay Safe Directions (No 4),8/07/2020 12:00 AM,Stay Safe Directions (No 5),https://www.dhhs.vic.gov.au/sites/default/files/documents/202007/Stay%20Safe%20Directions%20No%204%20%28signed%29%208%20July%202020.pdf
9/07/2020 11:59 PM,9/07/2020 11:59 PM,9/07/2020 11:59 PM,Revocation of Detention Directions - 12 Sutton Street North Melbourne,9/07/2020 12:00 AM,,https://www.dhhs.vic.gov.au/sites/default/files/documents/202007/revocation-direction-12-sutton-street-north-melbourne-covid-19.pdf
9/07/2020 11:59 PM,9/07/2020 11:59 PM,9/07/2020 11:59 PM,Revocation of Detention Directions - 33 Alfred Street North Melbourne,9/07/2020 12:00 AM,,https://www.dhhs.vic.gov.au/sites/default/files/documents/202007/Revocation-direction-33-alfred-street-north-melbourne-covid-19.pdf
9/07/2020 11:59 PM,9/07/2020 11:59 PM,9/07/2020 11:59 PM,Revocation of Detention Directions - 76 Canning Street North Melbourne,9/07/2020 12:00 AM,,https://www.dhhs.vic.gov.au/sites/default/files/documents/202007/revocation-direction-76-canning-street-north-melbourne-covid-19.pdf
9/07/2020 11:59 PM,9/07/2020 11:59 PM,9/07/2020 11:59 PM,Revocation of Detention Directions - 12 Holland Court Flemington,9/07/2020 12:00 AM,,https://www.dhhs.vic.gov.au/sites/default/files/documents/202007/Revocation-%20direction-12-holland-court-flemington-covid-19.pdf
9/07/2020 11:59 PM,9/07/2020 11:59 PM,9/07/2020 11:59 PM,Revocation of Detention Directions - 120 Racecourse Road Flemington,9/07/2020 12:00 AM,,https://www.dhhs.vic.gov.au/sites/default/files/documents/202007/revocation-direction-120-racecourse-road-flemington-covid-19.pdf
9/07/2020 11:59 PM,9/07/2020 11:59 PM,9/07/2020 11:59 PM,Revocation of Detention Directions - 126 Racecourse Road Flemington,9/07/2020 12:00 AM,,https://www.dhhs.vic.gov.au/sites/default/files/documents/202007/revocation-direction-126-racecourse-road-flemington-covid-19.pdf
9/07/2020 11:59 PM,9/07/2020 11:59 PM,9/07/2020 11:59 PM,Revocation of Detention Directions - 130 Racecourse Road Flemington,9/07/2020 12:00 AM,,https://www.dhhs.vic.gov.au/sites/default/files/documents/202007/revocation-direction-130-racecourse-road-flemington-covid-19.pdf
9/07/2020 11:59 PM,9/07/2020 11:59 PM,9/07/2020 11:59 PM,Revocation of Detention Directions - 159 Melrose Street North Melbourne,9/07/2020 12:00 AM,,https://www.dhhs.vic.gov.au/sites/default/files/documents/202007/Revocation%20of%20Detention%20Direction%20%28159%20Melrose%20Street%20North%20Melbourne%29%20%28signed%29%20%289July%29.pdf
9/07/2020 11:59 PM,9/07/2020 11:59 PM,9/07/2020 11:59 PM,Revocation of Detention Directions - 9 Pampas Street North Melbourne,9/07/2020 12:00 AM,,https://www.dhhs.vic.gov.au/sites/default/files/documents/202007/Revocation%20of%20Detention%20Direction%20%289%20Pampas%20Street%20North%20Melbourne%29%20%28signed%29%20%289July%29.pdf
10/07/2020 11:59 PM,19/07/2020 11:59 PM,19/07/2020 11:59 PM,Stay at Home Directions (Restricted Areas) (No 2),10/07/2020 12:00 AM,Stay at Home Directions (Restricted Areas) (No 3),https://www.dhhs.vic.gov.au/sites/default/files/documents/202007/Stay%20at%20Home%20%28Restricted%20Areas%29%20%28No%202%29%28signed%2010%20July%29.pdf
10/07/2020 11:59 PM,19/07/2020 11:59 PM,19/07/2020 11:59 PM,Stay Safe Directions (No 5),10/07/2020 12:00 AM,Stay Safe Directions (No 6),https://www.dhhs.vic.gov.au/sites/default/files/documents/202007/Stay%20Safe%20Directions%20%28No%205%29%28signed%2010%20July%29%20.pdf
15/07/2020 11:59 PM,19/07/2020 11:59 PM,22/07/2020 11:59 PM,Diagnosed persons and close contacts Directions (No 5),15/07/2020 12:00 AM,Diagnosed persons and close contacts Directions (No 6),https://www.dhhs.vic.gov.au/sites/default/files/documents/202007/Diagnosed%20Persons%20and%20Close%20Contacts%20Directions%20%28No%205%29.pdf
19/07/2020 11:59 PM,16/08/2020 11:59 PM,30/07/2020 11:59 PM,Area Directions (No 4),19/07/2020 12:00 AM,Area Directions (No 5),https://www.dhhs.vic.gov.au/sites/default/files/documents/202007/Area%20Directions%20%28No%204%29%20%28signed%2019%20July%29.pdf
19/07/2020 11:59 PM,16/08/2020 11:59 PM,22/07/2020 11:59 PM,Stay at Home Directions (Restricted Areas) (No 3),19/07/2020 12:00 AM,Stay at Home Directions (Restricted Areas) (No 4),https://www.dhhs.vic.gov.au/sites/default/files/documents/202007/Stay%20at%20Home%20Directions%20%28Restricted%20Areas%29%20%28No%203%29%28Signed%2019%20July%29.pdf
19/07/2020 11:59 PM,16/08/2020 11:59 PM,22/07/2020 11:59 PM,Restricted Activity Directions (Restricted Areas) (No 2),19/07/2020 12:00 AM,Restricted Activity Directions (Restricted Areas) (No 3),https://www.dhhs.vic.gov.au/sites/default/files/documents/202007/Restricted%20Activity%20Directions%20%28Restricted%20Areas%29%28No%202%29%28signed%2019%20July%29.pdf
19/07/2020 11:59 PM,16/08/2020 11:59 PM,22/07/2020 11:59 PM,Restricted Activity Directions (No 13),19/07/2020 12:00 AM,Restricted Activity Directions (No 14),https://www.dhhs.vic.gov.au/sites/default/files/documents/202007/Restricted%20Activity%20Directions%20%28No13%29%20%28signed%2019%20July%29.pdf
19/07/2020 11:59 PM,16/08/2020 11:59 PM,22/07/2020 11:59 PM,Stay Safe Directions (No 6),19/07/2020 12:00 AM,Stay Safe Directions (No 7),https://www.dhhs.vic.gov.au/sites/default/files/documents/202007/Stay%20Safe%20Directions%20%28No%206%29%28signed%2019%20July%29.pdf
19/07/2020 11:59 PM,16/08/2020 11:59 PM,22/07/2020 11:59 PM,Care Facilities Directions (No 7),19/07/2020 12:00 AM,Care Facilities Directions (No 8),https://www.dhhs.vic.gov.au/sites/default/files/documents/202007/Care%20Facilities%20Directions%20%28No%207%29%20%28signed%2019%20July%29.pdf
19/07/2020 11:59 PM,16/08/2020 11:59 PM,22/07/2020 11:59 PM,Diagnosed persons and close contacts Directions (No 6),19/07/2020 12:00 AM,Diagnosed persons and close contacts Directions (No 7),https://www.dhhs.vic.gov.au/sites/default/files/documents/202007/Diagnosed%20Persons%20and%20Close%20Contacts%20Directions%20%28No%206%29%20%28signed%2019%20July%29.pdf
19/07/2020 11:59 PM,16/08/2020 11:59 PM,22/07/2020 11:59 PM,Hospital Visitor Directions (No 8),19/07/2020 12:00 AM,Hospital Visitor Directions (No 9),https://www.dhhs.vic.gov.au/sites/default/files/documents/202007/Hospital%20Visitor%20Directions%20No%208%20%28signed%2019%20July%29.pdf
22/07/2020 11:59 PM,16/08/2020 11:59 PM,30/07/2020 11:59 PM,Stay at Home Directions (Restricted Areas) (No 4),22/07/2020 12:00 AM,Stay at Home Directions (Restricted Areas) (No 5),https://www.dhhs.vic.gov.au/sites/default/files/documents/202007/Stay%20at%20Home%20Directions%20%28Restricted%20Areas%29%20%28No%204%29%20-%2022%20July%202020.pdf
22/07/2020 11:59 PM,16/08/2020 11:59 PM,2/08/2020 11:59 PM,Restricted Activity Directions (Restricted Areas) (No 3),22/07/2020 12:00 AM,"Restricted Activity Directions (Restricted Areas) (No 4), Restricted Activity Directions (Restricted Areas) (No 5)",https://www.dhhs.vic.gov.au/sites/default/files/documents/202007/Restricted%20Activity%20Directions%20%28Restricted%20Areas%29%20%28No%203%29%20-%2022%20July%202020.pdf
22/07/2020 11:59 PM,16/08/2020 11:59 PM,30/07/2020 11:59 PM,Restricted Activity Directions (No 14),21/07/2020 12:00 AM,Restricted Activity Directions (No 15),https://www.dhhs.vic.gov.au/sites/default/files/documents/202007/Restricted%20Activity%20Directions%20%28No%2014%29.pdf
22/07/2020 11:59 PM,16/08/2020 11:59 PM,30/07/2020 11:59 PM,Stay Safe Directions (No 7),21/07/2020 12:00 AM,Stay Safe Directions (No 8),https://www.dhhs.vic.gov.au/sites/default/files/documents/202007/Stay%20Safe%20Directions%20%28No%207%29.pdf
22/07/2020 11:59 PM,16/08/2020 11:59 PM,3/08/2020 11:59 PM,Care Facilities Directions (No 8),22/07/2020 12:00 AM,Care Facilities Directions (No 9),https://www.dhhs.vic.gov.au/sites/default/files/documents/202007/Care%20Facilities%20Directions%20%28No%208%29%20-%2022%20July%202020.pdf
22/07/2020 11:59 PM,16/08/2020 11:59 PM,3/08/2020 11:59 PM,Diagnosed persons and close contacts Directions (No 7),21/07/2020 12:00 AM,Diagnosed persons and close contacts Directions (No 8),https://www.dhhs.vic.gov.au/sites/default/files/documents/202007/Diagnosed%20Persons%20and%20Close%20Contacts%20Directions%20%28No%207%29.pdf
22/07/2020 11:59 PM,16/08/2020 11:59 PM,16/08/2020 11:59 PM,Hospital Visitor Directions (No 9),22/07/2020 12:00 AM,Hospital Visitor Directions (No 10),https://www.dhhs.vic.gov.au/sites/default/files/documents/202007/Hospital%20Visitor%20Directions%20%28No%209%29%20-%2022%20July%202020.pdf
30/07/2020 11:59 PM,16/08/2020 11:59 PM,5/08/2020 11:59 PM,Area Directions (No 5),30/07/2020 12:00 AM,Area Directions (No 6),https://www.dhhs.vic.gov.au/sites/default/files/documents/202007/Area%20Directions%20%28No%205%29%20-%2030%20July%202020.pdf
30/07/2020 11:59 PM,16/08/2020 11:59 PM,2/08/2020 06:00 PM,Stay at Home Directions (Restricted Areas) (No 5),30/07/2020 12:00 AM,Stay at Home Directions (Restricted Areas) (No 6),https://www.dhhs.vic.gov.au/sites/default/files/documents/202007/Stay%20at%20Home%20Directions%20%28Restricted%20Areas%29%20%28No%205%29%20-%2030%20July%202020.pdf
30/07/2020 11:59 PM,16/08/2020 11:59 PM,2/08/2020 11:59 PM,Restricted Activity Directions (No 15),30/07/2020 12:00 AM,Restricted Activity Directions (No 16),https://www.dhhs.vic.gov.au/sites/default/files/documents/202007/Restricted%20Activity%20Directions%20%28No%2015%29%20-%2030%20July%202020.pdf
30/07/2020 11:59 PM,16/08/2020 11:59 PM,2/08/2020 11:59 PM,Stay Safe Directions (No 8),30/07/2020 12:00 AM,Stay Safe Directions (No 9),https://www.dhhs.vic.gov.au/sites/default/files/documents/202007/Stay%20Safe%20Directions%20%28No%208%29%20-%2030%20July%202020.pdf
2/08/2020 06:00 PM,16/08/2020 11:59 PM,2/08/2020 07:59 PM,Stay at Home Directions (Restricted Areas) (No 6),2/08/2020 12:00 AM,Stay at Home Directions (Restricted Areas) (No 7),http://www.gazette.vic.gov.au/gazette/Gazettes2020/GG2020S384.pdf
2/08/2020 07:59 PM,16/08/2020 11:59 PM,5/08/2020 11:59 PM,Stay at Home Directions (Restricted Areas) (No 7),2/08/2020 12:00 AM,Stay at Home Directions (Restricted Areas) (No 8),https://www.dhhs.vic.gov.au/sites/default/files/documents/202008/Stay%20at%20Home%20Directions%20%28Restricted%20Areas%29%20%28No%207%29%20-%202%20August%202020.pdf
2/08/2020 11:59 PM,16/08/2020 11:59 PM,2/08/2020 11:59 PM,Restricted Activity Directions (Restricted Areas) (No 4),2/08/2020 12:00 AM,Restricted Activity Directions (Restricted Areas) (No 5),https://www.dhhs.vic.gov.au/sites/default/files/documents/202008/Restricted%20Activities%20Directions%20%28Restricted%20Areas%29%20No%204%20-%202%20August%202020.pdf
2/08/2020 11:59 PM,16/08/2020 11:59 PM,5/08/2020 11:59 PM,Restricted Activity Directions (Restricted Areas) (No 5),2/08/2020 12:00 AM,Restricted Activity Directions (Restricted Areas) (No 6),https://www.dhhs.vic.gov.au/sites/default/files/documents/202008/Restricted%20Activities%20Directions%20%28Restricted%20Areas%29%20No%205%20-%202%20August%202020.pdf
2/08/2020 11:59 PM,16/08/2020 11:59 PM,5/08/2020 11:59 PM,Restricted Activity Directions (No 16),2/08/2020 12:00 AM,Restricted Activity Directions (Non-Melbourne),https://www.dhhs.vic.gov.au/sites/default/files/documents/202008/Restricted%20Activity%20Directions%20%28No%2016%29%20-%202%20August%202020.pdf
2/08/2020 11:59 PM,16/08/2020 11:59 PM,5/08/2020 11:59 PM,Stay Safe Directions (No 9),2/08/2020 12:00 AM,Stay at Home Directions (Non-Melbourne),https://www.dhhs.vic.gov.au/sites/default/files/documents/202008/Stay%20Safe%20Directions%20%28No%209%29%20-%202%20August%202020.pdf
3/08/2020 11:59 PM,16/08/2020 11:59 PM,16/08/2020 11:59 PM,Care Facilities Directions (No 9),3/08/2020 12:00 AM,Care Facilities Directions (No 10),https://www.dhhs.vic.gov.au/sites/default/files/documents/202008/B1%20-%20Care%20Facilities%20Direction%20%28No%209%29%20-%203%20August%202020.pdf
3/08/2020 11:59 PM,16/08/2020 11:59 PM,13/08/2020 02:59 PM,Diagnosed persons and close contacts Directions (No 8),3/08/2020 12:00 AM,Diagnosed persons and close contacts Directions (No 9),https://www.dhhs.vic.gov.au/sites/default/files/documents/202008/B2%20-%20Diagnosed%20Persons%20and%20Close%20Contacts%20Directions%20%28No%208%29%20-%203%20August%202020.pdf
5/08/2020 11:59 PM,16/08/2020 11:59 PM,16/08/2020 11:59 PM,Area Directions (No 6),5/08/2020 12:00 AM,Area Directions (No 7),https://www.dhhs.vic.gov.au/sites/default/files/documents/202008/Restricted%20Activity%20Directions%20%28Restricted%20Areas%29%20No%206-06082020.pdf
5/08/2020 11:59 PM,16/08/2020 11:59 PM,6/08/2020 11:59 PM,Stay at Home Directions (Restricted Areas) (No 8),5/08/2020 12:00 AM,Stay at Home Directions (Restricted Areas) (No 9),https://www.dhhs.vic.gov.au/sites/default/files/documents/202008/Stay%20at%20Home%20Directions%20%28Restricted%20Areas%29%20%28No%208%29-06082020.pdf
5/08/2020 11:59 PM,16/08/2020 11:59 PM,13/08/2020 02:59 PM,Stay at Home Directions (Non-Melbourne),5/08/2020 12:00 AM,Stay at Home Directions (Non-Melbourne) (No 2),https://www.dhhs.vic.gov.au/sites/default/files/documents/202008/B5%20-%20Stay%20at%20Home%20Directions%20%28Non-Melbourne%29%20-%205%20August%202020.pdf
5/08/2020 11:59 PM,16/08/2020 11:59 PM,13/08/2020 02:59 PM,Restricted Activity Directions (Restricted Areas) (No 6),5/08/2020 12:00 AM,Restricted Activity Directions (Restricted Areas) (No 7),https://www.dhhs.vic.gov.au/sites/default/files/documents/202008/B2%20-%20Restricted%20Activities%20Directions%20(Restricted%20Areas)%20No%206%20-%205%20August%202020.pdf
5/08/2020 11:59 PM,16/08/2020 11:59 PM,13/08/2020 02:59 PM,Restricted Activity Directions (Non-Melbourne),5/08/2020 12:00 AM,Restricted Activity Directions (Non-Melbourne) (No 2),https://www.dhhs.vic.gov.au/sites/default/files/documents/202008/Restricted%20Activity%20Directions%20%28Non-Melbourne%29-06082020.pdf
5/08/2020 11:59 PM,16/08/2020 11:59 PM,8/08/2020 11:59 PM,Permitted Worker Permit Scheme Directions,5/08/2020 12:00 AM,Permitted Worker Permit Scheme Directions (No 2),https://www.dhhs.vic.gov.au/sites/default/files/documents/202008/B7%20-%20Permitted%20Worker%20and%20Childcare%20Permit%20Scheme%20Directions%20-%205%20August%202020.pdf
5/08/2020 11:59 PM,16/08/2020 11:59 PM,8/08/2020 11:59 PM,Workplace Directions,5/08/2020 12:00 AM,Workplace Directions (No 2),https://www.dhhs.vic.gov.au/sites/default/files/documents/202008/B6%20-%20Workplace%20Directions%20-%205%20August%202020.pdf
6/08/2020 11:59 PM,16/08/2020 11:59 PM,8/08/2020 11:59 PM,Stay at Home Directions (Restricted Areas) (No 9),6/08/2020 12:00 AM,Stay at Home Directions (Restricted Areas) (No 10),https://www.dhhs.vic.gov.au/sites/default/files/documents/202008/Stay%20at%20Home%20Directions%20%28Restricted%20Areas%29%20%28No%209%29%20-%206%20August%202020.pdf
8/08/2020 11:59 PM,16/08/2020 11:59 PM,13/08/2020 02:59 PM,Stay at Home Directions (Restricted Areas) (No 10),8/08/2020 12:00 AM,Stay at Home Directions (Restricted Areas) (No 11),https://www.dhhs.vic.gov.au/sites/default/files/documents/202008/Stay%20at%20Home%20Directions%20%28Restricted%20Areas%29%20%28No%2010%29%20-%208%20August%202020signed_0.pdf
8/08/2020 11:59 PM,16/08/2020 11:59 PM,13/08/2020 02:59 PM,Permitted Worker Permit Scheme Directions (No 2),8/08/2020 12:00 AM,Permitted Worker Permit Scheme Directions (No 3),https://www.dhhs.vic.gov.au/sites/default/files/documents/202008/Permitted%20Worker%20and%20Childcare%20Permit%20Scheme%20Directions%20%28No%202%29%20-%208%20August%202020.pdf
8/08/2020 11:59 PM,16/08/2020 11:59 PM,16/08/2020 11:59 PM,Workplace Directions (No 2),8/08/2020 12:00 AM,Workplace Directions (No 3),https://www.dhhs.vic.gov.au/sites/default/files/documents/202008/Workplace%20Directions%20%28No%202%29%20-%208%20August%202020.pdf
8/08/2020 01:59 AM,16/08/2020 11:59 PM,8/08/2020 11:59 PM,Workplace (Additional Industry Obligations) Directions,8/08/2020 12:00 AM,Workplace (Additional Industry Obligations) Directions (No 2),https://www.dhhs.vic.gov.au/sites/default/files/documents/202008/Workplace%20%28Additional%20Industry%20Obligations%29%20Directions%20-%208%20August%202020.pdf?_cldee=dHBpY2tsZXNAdW5pcXVlYnVpbGRpbmcuY29tLmF1&recipientid=contact-6bdb773fb8e3e4119c2400155dddfa01-dc5c4e060d8143e9b1fdf2734e110860&esid=062825a7-32d9-ea11-b069-000d3acb9628
8/08/2020 11:59 PM,16/08/2020 11:59 PM,11/08/2020 11:59 PM,Workplace (Additional Industry Obligations) Directions (No 2),8/08/2020 12:00 AM,Workplace (Additional Industry Obligations) Directions (No 3),https://www.dhhs.vic.gov.au/sites/default/files/documents/202008/Workplace%20%28Additional%20Industry%20Obligations%29%20Directions%20%28No%202%29%20-%208%20August%202020signed.pdf
11/08/2020 11:59 PM,16/08/2020 11:59 PM,16/08/2020 11:59 PM,Workplace (Additional Industry Obligations) Directions (No 3),11/08/2020 12:00 AM,Workplace (Additional Industry Obligations) Directions (No 4),https://www.dhhs.vic.gov.au/sites/default/files/documents/202008/Workplace%20%28Additional%20Industry%20Obligations%29%20Directions%20%28No%203%29%20-10%20August%202020Signed.pdf
13/08/2020 02:59 PM,16/08/2020 11:59 PM,16/08/2020 11:59 PM,Stay at Home Directions (Restricted Areas) (No 11),13/08/2020 12:00 AM,Stay at Home Directions (Restricted Areas) (No 12),https://www.dhhs.vic.gov.au/sites/default/files/documents/202008/Stay%20at%20Home%20Directions%20%28Restricted%20Areas%29%20%28No%2011%29%20-%2013%20August%202020.pdf
13/08/2020 02:59 PM,16/08/2020 11:59 PM,16/08/2020 11:59 PM,Stay at Home Directions (Non-Melbourne) (No 2),13/08/2020 12:00 AM,Stay at Home Directions (Non-Melbourne) (No 3),https://www.dhhs.vic.gov.au/sites/default/files/documents/202008/Stay%20at%20Home%20Directions%20%28Non-Melbourne%29%20%28No%202%29%20-%2013%20August%202020.pdf
13/08/2020 02:59 PM,16/08/2020 11:59 PM,16/08/2020 11:59 PM,Restricted Activity Directions (Restricted Areas) (No 7),13/08/2020 12:00 AM,Restricted Activity Directions (Restricted Areas) (No 8),http://www.gazette.vic.gov.au/gazette/Gazettes2020/GG2020S414.pdf
13/08/2020 02:59 PM,16/08/2020 11:59 PM,16/08/2020 11:59 PM,Restricted Activity Directions (Non-Melbourne) (No 2),13/08/2020 12:00 AM,Restricted Activity Directions (Non-Melbourne) (No 3),http://www.gazette.vic.gov.au/gazette/Gazettes2020/GG2020S414.pdf
13/08/2020 02:59 PM,16/08/2020 11:59 PM,16/08/2020 11:59 PM,Permitted Worker Permit Scheme Directions (No 3),13/08/2020 12:00 AM,Permitted Worker Permit Scheme Directions (No 4),http://www.gazette.vic.gov.au/gazette/Gazettes2020/GG2020S414.pdf
13/08/2020 02:59 PM,16/08/2020 11:59 PM,16/08/2020 11:59 PM,Diagnosed persons and close contacts Directions (No 9),13/08/2020 12:00 AM,Diagnosed persons and close contacts Directions (No 10),http://www.gazette.vic.gov.au/gazette/Gazettes2020/GG2020S414.pdf
16/08/2020 11:59 PM,13/09/2020 11:59 PM,13/09/2020 11:59 PM,Area Directions (No 7),16/08/2020 12:00 AM,Area Directions (No 8),https://www.dhhs.vic.gov.au/sites/default/files/documents/202008/Area%20Directions%20%28No%207%29%20-%2016%20August%202020.pdf
16/08/2020 11:59 PM,13/09/2020 11:59 PM,20/08/2020 11:59 PM,Stay at Home Directions (Restricted Areas) (No 12),16/08/2020 12:00 AM,Stay at Home Directions (Restricted Areas) (No 13),https://www.dhhs.vic.gov.au/sites/default/files/documents/202008/Stay%20at%20Home%20Directions%20%28Restricted%20Areas%29%20%28No%2012%29%20-%2016%20August%202020.pdf
16/08/2020 11:59 PM,13/09/2020 11:59 PM,27/08/2020 11:59 PM,Stay at Home Directions (Non-Melbourne) (No 3),16/08/2020 12:00 AM,Stay at Home Directions (Non-Melbourne) (No 4),https://www.dhhs.vic.gov.au/sites/default/files/documents/202008/Stay%20at%20Home%20Directions%20%28Non-Melbourne%29%20%28No%203%29%20-%2016%20August%202020.pdf
16/08/2020 11:59 PM,13/09/2020 11:59 PM,13/09/2020 11:59 PM,Restricted Activity Directions (Restricted Areas) (No 8),16/08/2020 12:00 AM,Restricted Activity Directions (Restricted Areas) (No 9),https://www.dhhs.vic.gov.au/sites/default/files/documents/202008/Restricted%20Activities%20Directions%20%28Restricted%20Areas%29%20%28No%208%29%20-%2016%20August%202020.pdf
16/08/2020 11:59 PM,13/09/2020 11:59 PM,13/09/2020 11:59 PM,Restricted Activity Directions (Non-Melbourne) (No 3),16/08/2020 12:00 AM,Restricted Activity Directions (Non-Melbourne) (No 4),https://www.dhhs.vic.gov.au/sites/default/files/documents/202008/Restricted%20Activities%20Directions%20%28Non-Melbourne%20%28No%203%29%20-%2016%20August%202020.pdf
16/08/2020 11:59 PM,13/09/2020 11:59 PM,13/09/2020 11:59 PM,Permitted Worker Permit Scheme Directions (No 4),16/08/2020 12:00 AM,Permitted Worker Permit Scheme Directions (No 5),https://www.dhhs.vic.gov.au/sites/default/files/documents/202008/Permitted%20Worker%20and%20Childcare%20Permit%20Scheme%20Directions%20%28No%204%29%20-%2016%20August%202020.pdf
16/08/2020 11:59 PM,13/09/2020 11:59 PM,13/09/2020 11:59 PM,Workplace Directions (No 3),16/08/2020 12:00 AM,Workplace Directions (No 4),https://www.dhhs.vic.gov.au/sites/default/files/documents/202008/Workplace%20Directions%20%28No%203%29%20-%2016%20August%202020.pdf
16/08/2020 11:59 PM,13/09/2020 11:59 PM,13/09/2020 11:59 PM,Workplace (Additional Industry Obligations) Directions (No 4),16/08/2020 12:00 AM,Workplace (Additional Industry Obligations) Directions (No 5),https://www.dhhs.vic.gov.au/sites/default/files/documents/202008/Workplace%20%28Additional%20Industry%20Obligations%29%20Directions%20%28No%204%29%20-%2016%20August%202020.pdf
16/08/2020 11:59 PM,13/09/2020 11:59 PM,13/09/2020 11:59 PM,Care Facilities Directions (No 10),16/08/2020 12:00 AM,Care Facilities Directions (No 11),https://www.dhhs.vic.gov.au/sites/default/files/documents/202008/Care%20Facilities%20Direction%20%28No%2010%29%20-%2016%20August%202020.pdf
16/08/2020 11:59 PM,13/09/2020 11:59 PM,13/09/2020 11:59 PM,Diagnosed persons and close contacts Directions (No 10),16/08/2020 12:00 AM,Diagnosed persons and close contacts Directions (No 11),https://www.dhhs.vic.gov.au/sites/default/files/documents/202008/Diagnosed%20Persons%20and%20Close%20Contacts%20Directions%20%28No%2010%29%20-%2016%20August%202020.pdf
16/08/2020 11:59 PM,13/09/2020 11:59 PM,13/09/2020 11:59 PM,Hospital Visitor Directions (No 10),16/08/2020 12:00 AM,Hospital Visitor Directions (No 11),https://www.dhhs.vic.gov.au/sites/default/files/documents/202008/Hospital%20Visitor%20Directions%20%28No%2010%29%20-%2016%20August%202020.pdf
20/08/2020 11:59 PM,13/09/2020 11:59 PM,27/08/2020 11:59 PM,Stay at Home Directions (Restricted Areas) (No 13),20/08/2020 12:00 AM,Stay at Home Directions (Restricted Areas) (No 14),https://www.dhhs.vic.gov.au/sites/default/files/documents/202008/Stay%20at%20Home%20Directions%20%28Restricted%20Area%29%20%28No%2013%29.pdf
27/08/2020 11:59 PM,13/09/2020 11:59 PM,13/09/2020 11:59 PM,Stay at Home Directions (Restricted Areas) (No 14),27/08/2020 12:00 AM,Stay at Home Directions (Restricted Areas) (No 15),https://www.dhhs.vic.gov.au/sites/default/files/documents/202008/Stay%20at%20Home%20Directions%20%28Restricted%20Areas%29%20%28No%2014%29%20.pdf
27/08/2020 11:59 PM,13/09/2020 11:59 PM,13/09/2020 11:59 PM,Stay at Home Directions (Non-Melbourne) (No 4),27/08/2020 12:00 AM,Stay at Home Directions (Non-Melbourne) (No 5),https://www.dhhs.vic.gov.au/sites/default/files/documents/202008/Stay%20at%20Home%20Directions%20%28Non-Melbourne%29%20%28No%204%29.pdf
13/09/2020 11:59 PM,11/10/2020 11:59 PM,11/10/2020 11:59 PM,Area Directions (No 8),13/09/2020 12:00 AM,Area Directions (No 9),https://www.dhhs.vic.gov.au/sites/default/files/documents/202009/Area%20Directions%20%28No%208%29%20signed%2013%20Sept.pdf
13/09/2020 11:59 PM,11/10/2020 11:59 PM,27/09/2020 11:59 PM,Stay at Home Directions (Restricted Areas) (No 15),13/09/2020 12:00 AM,Stay at Home Directions (Restricted Areas) (No 16),https://www.dhhs.vic.gov.au/sites/default/files/documents/202009/Stay%20at%20Home%20Directions%20%28Restricted%20Areas%29%20%28No%2015%29%20signed%2013%20Sept.pdf
13/09/2020 11:59 PM,11/10/2020 11:59 PM,16/09/2020 11:59 PM,Stay at Home Directions (Non-Melbourne) (No 5),13/09/2020 12:00 AM,Stay Safe Directions (Non-Melbourne),https://www.dhhs.vic.gov.au/sites/default/files/documents/202009/Stay%20at%20Home%20Directions%20%28Non-Melbourne%29%20%28No%205%29%20signed%2013%20Sept.pdf
13/09/2020 11:59 PM,11/10/2020 11:59 PM,27/09/2020 11:59 PM,Restricted Activity Directions (Restricted Areas) (No 9),13/09/2020 12:00 AM,Restricted Activity Directions (Restricted Areas) (No 10),https://www.dhhs.vic.gov.au/sites/default/files/documents/202009/Restricted%20Activity%20Directions%20%28Restricted%20Areas%29%20%28No%209%29%20signed%2013%20Sept.pdf
13/09/2020 11:59 PM,11/10/2020 11:59 PM,16/09/2020 11:59 PM,Restricted Activity Directions (Non-Melbourne) (No 4),13/09/2020 12:00 AM,Restricted Activity Directions (Non-Melbourne) (No 5),https://www.dhhs.vic.gov.au/sites/default/files/documents/202009/Restricted%20Activity%20Directions%20%28Non%20Melbourne%29%20%28No%204%29%20signed%2013%20Sept.pdf
13/09/2020 11:59 PM,11/10/2020 11:59 PM,27/09/2020 11:59 PM,Permitted Worker Permit Scheme Directions (No 5),13/09/2020 12:00 AM,Permitted Worker Permit Scheme Directions (No 6),https://www.dhhs.vic.gov.au/sites/default/files/documents/202009/Permitted%20Worker%20Permit%20Scheme%20and%20Access%20to%20Onsite%20Childcare%20Kindergarten%20Permit%20Scheme%20Directions%20%28No%205%29.pdf
13/09/2020 11:59 PM,11/10/2020 11:59 PM,16/09/2020 11:59 PM,Workplace Directions (No 4),13/09/2020 12:00 AM,Workplace Directions (No 5),https://www.dhhs.vic.gov.au/sites/default/files/documents/202009/Workplace%20Directions%20%28No%204%29%2013%20Sept.pdf
13/09/2020 11:59 PM,11/10/2020 11:59 PM,27/09/2020 11:59 PM,Workplace (Additional Industry Obligations) Directions (No 5),13/09/2020 12:00 AM,Workplace (Additional Industry Obligations) Directions (No 6),https://www.dhhs.vic.gov.au/sites/default/files/documents/202009/Workplace%20%28Additional%20Industry%20Obligations%29%20Directions%20%28No%205%29%20signed%2013%20Sept.pdf
13/09/2020 11:59 PM,11/10/2020 11:59 PM,27/09/2020 11:59 PM,Care Facilities Directions (No 11),13/09/2020 12:00 AM,Care Facilities Directions (No 12),https://www.dhhs.vic.gov.au/sites/default/files/documents/202009/Care%20Facilities%20Directions%20%28No%2011%29%20signed%2013%20Sept.pdf
13/09/2020 11:59 PM,11/10/2020 11:59 PM,11/10/2020 11:59 PM,Diagnosed persons and close contacts Directions (No 11),13/09/2020 12:00 AM,Diagnosed persons and close contacts Directions (No 12),https://www.dhhs.vic.gov.au/sites/default/files/documents/202009/Diagnosed%20Persons%20and%20Close%20Contacts%20Directions%20%28No%2011%29%20signed%2013%20Sept.pdf
13/09/2020 11:59 PM,11/10/2020 11:59 PM,27/09/2020 11:59 PM,Hospital Visitor Directions (No 11),13/09/2020 12:00 AM,Hospital Visitor Directions (No 12),https://www.dhhs.vic.gov.au/sites/default/files/documents/202009/Hospital%20Visitor%20Directions%20%28No%2011%29%20signed%2013%20Sept.pdf
16/09/2020 11:59 PM,11/10/2020 11:59 PM,27/09/2020 11:59 PM,Stay Safe Directions (Non-Melbourne),16/09/2020 12:00 AM,Stay Safe Directions (Non-Melbourne) (No 2),https://www.dhhs.vic.gov.au/sites/default/files/documents/202009/stay-safe-directions-non-melbourne-covid-19-pdf.pdf
16/09/2020 11:59 PM,11/10/2020 11:59 PM,27/09/2020 11:59 PM,Restricted Activity Directions (Non-Melbourne) (No 5),16/09/2020 12:00 AM,Restricted Activity Directions (Non-Melbourne) (No 6),https://www.dhhs.vic.gov.au/sites/default/files/documents/202009/restricted-activities-directions-non-melbourne-no-5-covid-19-pdf.pdf
16/09/2020 11:59 PM,11/10/2020 11:59 PM,27/09/2020 11:59 PM,Workplace Directions (No 5),16/09/2020 12:00 AM,Workplace Directions (No 6),https://www.dhhs.vic.gov.au/sites/default/files/documents/202009/workplace-directions-no-5-covid-19-pdf.pdf
27/09/2020 11:59 PM,11/10/2020 11:59 PM,4/10/2020 11:59 PM,Stay at Home Directions (Restricted Areas) (No 16),27/09/2020 12:00 AM,Stay at Home Directions (Restricted Areas) (No 17),https://www.dhhs.vic.gov.au/sites/default/files/documents/202009/Stay%20at%20Home%20Directions%20%28Restricted%20Areas%29%20%28No%2016%29%20signed%2027%20Sept.pdf
27/09/2020 11:59 PM,11/10/2020 11:59 PM,4/10/2020 11:59 PM,Stay Safe Directions (Non-Melbourne) (No 2),27/09/2020 12:00 AM,Stay Safe Directions (Non-Melbourne) (No 3),http://www.gazette.vic.gov.au/gazette/Gazettes2020/GG2020S492.pdf
27/09/2020 11:59 PM,11/10/2020 11:59 PM,4/10/2020 11:59 PM,Restricted Activity Directions (Restricted Areas) (No 10),27/09/2020 12:00 AM,Restricted Activity Directions (Restricted Areas) (No 11),https://www.dhhs.vic.gov.au/sites/default/files/documents/202009/Restricted%20Activities%20Directions%20%28Restricted%20Areas%29%20%28No%2010%29%20-%20signed%2027%20September%202020.pdf
27/09/2020 11:59 PM,11/10/2020 11:59 PM,11/10/2020 11:59 PM,Restricted Activity Directions (Non-Melbourne) (No 6),27/09/2020 12:00 AM,Restricted Activity Directions (Non-Melbourne) (No 7),https://www.dhhs.vic.gov.au/sites/default/files/documents/202009/Restricted%20Activities%20Directions%20%28Non-Melbourne%29%20%28No%206%29%20-%20signed%2027%20September%202020.pdf
27/09/2020 11:59 PM,11/10/2020 11:59 PM,11/10/2020 11:59 PM,Permitted Worker Permit Scheme Directions (No 6),27/09/2020 12:00 AM,Permitted Worker Permit Scheme Directions (No 7),http://www.gazette.vic.gov.au/gazette/Gazettes2020/GG2020S492.pdf
27/09/2020 11:59 PM,11/10/2020 11:59 PM,11/10/2020 11:59 PM,Workplace Directions (No 6),27/09/2020 12:00 AM,Workplace Directions (No 7),https://www.dhhs.vic.gov.au/sites/default/files/documents/202009/Workplace%20Directions%20%28No%206%29%20-%20signed%2027%20September%202020.pdf
27/09/2020 11:59 PM,11/10/2020 11:59 PM,4/10/2020 11:59 PM,Workplace (Additional Industry Obligations) Directions (No 6),27/09/2020 12:00 AM,Workplace (Additional Industry Obligations) Directions (No 7),https://www.dhhs.vic.gov.au/sites/default/files/documents/202009/Workplace%20%28Additional%20Industry%20Obligations%29%20Directions%20%28No%206%29%20-%20signed%2027%20September%202020.pdf
27/09/2020 11:59 PM,11/10/2020 11:59 PM,11/10/2020 11:59 PM,Care Facilities Directions (No 12),27/09/2020 12:00 AM,Care Facilities Directions (No 13),https://www.dhhs.vic.gov.au/sites/default/files/documents/202009/Care%20Facilities%20Directions%20%28No%2012%29%20-%20signed%2027%20September%202020.pdf
27/09/2020 11:59 PM,11/10/2020 11:59 PM,11/10/2020 11:59 PM,Hospital Visitor Directions (No 12),27/09/2020 12:00 AM,Hospital Visitor Directions (No 13),https://www.dhhs.vic.gov.au/sites/default/files/documents/202009/Hospital%20Visitor%20Directions%20(No%2012)%20-%20signed%2027%20September%202020.pdf
4/10/2020 11:59 PM,11/10/2020 11:59 PM,11/10/2020 11:59 PM,Stay at Home Directions (Restricted Areas) (No 17),4/10/2020 12:00 AM,Stay at Home Directions (Restricted Areas) (No 18),https://www.dhhs.vic.gov.au/sites/default/files/documents/202010/Stay%20at%20Home%20Directions%20%28Restricted%20Areas%29%20%28No%2017%29%20-%20signed%204%20October%202020.pdf
4/10/2020 11:59 PM,11/10/2020 11:59 PM,11/10/2020 11:59 PM,Stay Safe Directions (Non-Melbourne) (No 3),4/10/2020 12:00 AM,Stay Safe Directions (Non-Melbourne) (No 4),https://www.dhhs.vic.gov.au/sites/default/files/documents/202010/Stay%20Safe%20Directions%20%28Non-Melbourne%29%20%28No%203%29%20-%20signed%204%20October%202020.pdf
4/10/2020 11:59 PM,11/10/2020 11:59 PM,11/10/2020 11:59 PM,Restricted Activity Directions (Restricted Areas) (No 11),4/10/2020 12:00 AM,Restricted Activity Directions (Restricted Areas) (No 12),https://www.dhhs.vic.gov.au/sites/default/files/documents/202010/Restricted%20Activity%20Directions%20%28Restricted%20Areas%29%20%28No%2011%29%20-%20signed%204%20October%202020.pdf
4/10/2020 11:59 PM,11/10/2020 11:59 PM,11/10/2020 11:59 PM,Workplace (Additional Industry Obligations) Directions (No 7),4/10/2020 12:00 AM,Workplace (Additional Industry Obligations) Directions (No 8),https://www.dhhs.vic.gov.au/sites/default/files/documents/202010/Workplace%20%28Additional%20Industry%20Obligations%29%20Directions%20%28No%207%29%20-%20signed%204%20October%202020.pdf
11/10/2020 11:59 PM,8/11/2020 11:59 PM,8/11/2020 11:59 PM,Area Directions (No 9),11/10/2020 12:00 AM,Revocation of Area Directions (No 9),https://www.dhhs.vic.gov.au/sites/default/files/documents/202010/Area%20Directions%20%28No%209%29%20-%20signed%2011%20October%202020.pdf
11/10/2020 11:59 PM,8/11/2020 11:59 PM,18/10/2020 11:59 PM,Stay at Home Directions (Restricted Areas) (No 18),11/10/2020 12:00 AM,Stay at Home Directions (Restricted Areas) (No 19),https://www.dhhs.vic.gov.au/sites/default/files/documents/202010/Stay%20at%20Home%20Directions%20%28Restricted%20Areas%29%20%28No%2018%29%20-%20signed%2011%20October%202020.pdf
11/10/2020 11:59 PM,8/11/2020 11:59 PM,18/10/2020 11:59 PM,Stay Safe Directions (Non-Melbourne) (No 4),11/10/2020 12:00 AM,Stay Safe Directions (Non-Melbourne) (No 5),https://www.dhhs.vic.gov.au/sites/default/files/documents/202010/Stay%20Safe%20Directions%20%28Non-Melbourne%29%20%28No%204%29%20-%20signed%2011%20October%202020.pdf
11/10/2020 11:59 PM,8/11/2020 11:59 PM,18/10/2020 11:59 PM,Restricted Activity Directions (Restricted Areas) (No 12),11/10/2020 12:00 AM,Restricted Activity Directions (Restricted Areas) (No 13),https://www.dhhs.vic.gov.au/sites/default/files/documents/202010/Restricted%20Activity%20Directions%20%28Restricted%20Areas%29%20%28No%2012%29%20-%20signed%2011%20October%202020.pdf
11/10/2020 11:59 PM,8/11/2020 11:59 PM,18/10/2020 11:59 PM,Restricted Activity Directions (Non-Melbourne) (No 7),11/10/2020 12:00 AM,Restricted Activity Directions (Non-Melbourne) (No 8),https://www.dhhs.vic.gov.au/sites/default/files/documents/202010/Restricted%20Activity%20Directions%20%28Non-Melbourne%29%20%28No%207%29%20-%20signed%2011%20October%202020.pdf
11/10/2020 11:59 PM,8/11/2020 11:59 PM,26/10/2020 03:00 PM,Permitted Worker Permit Scheme Directions (No 7),11/10/2020 12:00 AM,Permitted Worker Permit Scheme Directions (No 8),https://www.dhhs.vic.gov.au/sites/default/files/documents/202010/Permitted%20Worker%20and%20Childcare%20Permit%20Scheme%20Directions%20%28No%207%29%20-%20signed%2011%20October%202020.pdf
11/10/2020 11:59 PM,8/11/2020 11:59 PM,27/10/2020 11:59 PM,Workplace Directions (No 7),11/10/2020 12:00 AM,Workplace Directions (No 8),https://www.dhhs.vic.gov.au/sites/default/files/documents/202010/Workplace%20Directions%20%28No%207%29%20-%20signed%2011%20October%202020.PDF
11/10/2020 11:59 PM,8/11/2020 11:59 PM,18/10/2020 11:59 PM,Workplace (Additional Industry Obligations) Directions (No 8),11/10/2020 12:00 AM,Workplace (Additional Industry Obligations) Directions (No 9),https://www.dhhs.vic.gov.au/sites/default/files/documents/202010/Workplace%20%28Additional%20Industry%20Obligations%29%20Directions%20%28No%208%29%20-%20signed%2011%20October%202020.pdf
11/10/2020 11:59 PM,8/11/2020 11:59 PM,18/10/2020 11:59 PM,Care Facilities Directions (No 13),11/10/2020 12:00 AM,Care Facilities Directions (No 14),https://www.dhhs.vic.gov.au/sites/default/files/documents/202010/Care%20Facilities%20Direction%20%28No%2013%29%20-%20signed%2011%20October%202020.pdf
11/10/2020 11:59 PM,8/11/2020 11:59 PM,8/11/2020 11:59 PM,Diagnosed persons and close contacts Directions (No 12),11/10/2020 12:00 AM,Diagnosed persons and close contacts Directions (No 13),https://www.dhhs.vic.gov.au/sites/default/files/documents/202010/Diagnosed%20Persons%20and%20Close%20Contacts%20Directions%20%28No%2012%29%20-%20signed%2011%20October%202020.pdf
11/10/2020 11:59 PM,8/11/2020 11:59 PM,8/11/2020 11:59 PM,Hospital Visitor Directions (No 13),11/10/2020 12:00 AM,Hospital Visitor Directions (No 14),https://www.dhhs.vic.gov.au/sites/default/files/documents/202010/Hospital%20Visitor%20Directions%20%28No%2013%29%20-%20signed%2011%20October%202020.pdf
18/10/2020 11:59 PM,8/11/2020 11:59 PM,27/10/2020 11:59 PM,Stay at Home Directions (Restricted Areas) (No 19),18/10/2020 12:00 AM,Stay Safe Directions (Melbourne),https://www.dhhs.vic.gov.au/sites/default/files/documents/202010/Stay%20at%20Home%20Directions%20(Restricted%20Areas)%20(No%2019)%20-%2018%20October%202020_0.pdf
18/10/2020 11:59 PM,8/11/2020 11:59 PM,27/10/2020 11:59 PM,Stay Safe Directions (Non-Melbourne) (No 5),18/10/2020 12:00 AM,Stay Safe Directions (Non-Melbourne) (No 6),https://www.dhhs.vic.gov.au/sites/default/files/documents/202010/Stay%20Safe%20Directions%20%28Non-Melbourne%29%20%28No%205%29%20-%2018%20October%202020_0.pdf
18/10/2020 11:59 PM,8/11/2020 11:59 PM,26/10/2020 03:00 PM,Restricted Activity Directions (Restricted Areas) (No 13),18/10/2020 12:00 AM,Restricted Activity Directions (Restricted Areas) (No 14),https://www.dhhs.vic.gov.au/sites/default/files/documents/202010/Restricted%20Activity%20Directions%20%28Restricted%20Areas%29%20%28No%2013%29.pdf
18/10/2020 11:59 PM,8/11/2020 11:59 PM,25/10/2020 11:59 PM,Restricted Activity Directions (Non-Melbourne) (No 8),18/10/2020 12:00 AM,Restricted Activity Directions (Non-Melbourne) (No 9),https://www.dhhs.vic.gov.au/sites/default/files/documents/202010/Restricted%20Activity%20Directions%20(Non-Melbourne)%20(No%208)%20-%2018%20October%202020.pdf
18/10/2020 11:59 PM,8/11/2020 11:59 PM,27/10/2020 11:59 PM,Workplace (Additional Industry Obligations) Directions (No 9),18/10/2020 12:00 AM,Workplace (Additional Industry Obligations) Directions (No 10),https://www.dhhs.vic.gov.au/sites/default/files/documents/202010/Workplace%20%28Additional%20Industry%20Obligations%29%20Directions%20%28No%209%29%20-%2018%20October%202020.pdf
18/10/2020 11:59 PM,8/11/2020 11:59 PM,28/10/2020 11:59 PM,Care Facilities Directions (No 14),18/10/2020 12:00 AM,Care Facilities Directions (No 15),https://www.dhhs.vic.gov.au/sites/default/files/documents/202010/Care%20Facilities%20Directions%20%28No%2014%29%20-%2018%20October%202020.pdf
22/10/2020 11:59 PM,8/11/2020 11:59 PM,8/11/2020 11:59 PM,Area Directions (No 9) - Exclusion of locality from Restricted Area,22/10/2020 12:00 AM,Revocation of Area Directions (No 9),https://www.dhhs.vic.gov.au/sites/default/files/documents/202010/Area%20Directions%20%28No%209%29%20-%20Exclusion%20of%20locality%20from%20Restricted%20Area%20%2822%20October%202020%29.pdf
25/10/2020 11:59 PM,8/11/2020 11:59 PM,27/10/2020 11:59 PM,Restricted Activity Directions (Non-Melbourne) (No 9),25/10/2020 12:00 AM,Restricted Activity Directions (Non-Melbourne) (No 10),https://www.dhhs.vic.gov.au/sites/default/files/documents/202010/Restricted%20Activity%20Directions%20%28Non-Melbourne%29%20%28No%209%29%20-%2025%20October%202020.pdf
26/10/2020 03:00 PM,8/11/2020 11:59 PM,27/10/2020 11:59 PM,Restricted Activity Directions (Restricted Areas) (No 14),26/10/2020 12:00 AM,Restricted Activity Directions (Melbourne),https://www.dhhs.vic.gov.au/sites/default/files/documents/202010/Restricted%20Activity%20Directions%20%28Restricted%20Areas%29%20%28No%2014%29%20-%2026%20October%202020.pdf
26/10/2020 03:00 PM,8/11/2020 11:59 PM,27/10/2020 11:59 PM,Permitted Worker Permit Scheme Directions (No 8),26/10/2020 12:00 AM,Metro-Regional Work Travel Permit Scheme Directions,https://www.dhhs.vic.gov.au/sites/default/files/documents/202010/Permitted%20Worker%20Permit%20Scheme%20Directions%20%28No%208%29%20-%2026%20October%202020.pdf
27/10/2020 11:59 PM,8/11/2020 11:59 PM,28/10/2020 11:59 PM,Stay Safe Directions (Melbourne),27/10/2020 12:00 AM,Stay Safe Directions (Melbourne) (No 2),https://www.dhhs.vic.gov.au/sites/default/files/documents/202010/Stay%20Safe%20Directions%20%28Melbourne%29%20%28PDF%29.pdf
27/10/2020 11:59 PM,8/11/2020 11:59 PM,8/11/2020 11:59 PM,Stay Safe Directions (Non-Melbourne) (No 6),27/10/2020 12:00 AM,Stay Safe Directions (Victoria),https://www.dhhs.vic.gov.au/sites/default/files/documents/202010/Stay%20Safe%20Directions%20%28Non-Melbourne%29%20%28No%206%29%20PDF.pdf
27/10/2020 11:59 PM,8/11/2020 11:59 PM,8/11/2020 11:59 PM,Restricted Activity Directions (Melbourne),27/10/2020 12:00 AM,Restricted Activity Directions (Victoria),https://www.dhhs.vic.gov.au/sites/default/files/documents/202010/Restricted%20Activity%20Directions%20%28Melbourne%29%20PDF.pdf
27/10/2020 11:59 PM,8/11/2020 11:59 PM,28/10/2020 11:59 PM,Restricted Activity Directions (Non-Melbourne) (No 10),27/10/2020 12:00 AM,Restricted Activity Directions (Non-Melbourne) (No 11),https://www.dhhs.vic.gov.au/sites/default/files/documents/202010/Restricted%20Activity%20Directions%20%28Non-Melbourne%29%20%28No%2010%29%20%28PDF%29.pdf
27/10/2020 11:59 PM,8/11/2020 11:59 PM,8/11/2020 11:59 PM,Metro-Regional Work Travel Permit Scheme Directions,27/10/2020 12:00 AM,Revocation of Metro-Regional Work Travel Permit Scheme Directions,https://www.dhhs.vic.gov.au/sites/default/files/documents/202010/Metro-Regional%20Work%20Travel%20Permit%20Scheme%20Directions%20PDF.pdf
27/10/2020 11:59 PM,8/11/2020 11:59 PM,8/11/2020 11:59 PM,Workplace Directions (No 8),27/10/2020 12:00 AM,Workplace Directions (No 9),https://www.dhhs.vic.gov.au/sites/default/files/documents/202010/Workplace%20Directions%20%28No%208%29%20%28PDF%29.pdf
27/10/2020 11:59 PM,8/11/2020 11:59 PM,8/11/2020 11:59 PM,Workplace (Additional Industry Obligations) Directions (No 10),27/10/2020 12:00 AM,Workplace (Additional Industry Obligations) Directions (No 11),https://www.dhhs.vic.gov.au/sites/default/files/documents/202010/Workplace%20%28Additional%20Industry%20Obligations%29%20Directions%20%28No%2010%29%20%28PDF%29.pdf
28/10/2020 11:59 PM,8/11/2020 11:59 PM,8/11/2020 11:59 PM,Stay Safe Directions (Melbourne) (No 2),28/10/2020 12:00 AM,Stay Safe Directions (Victoria),https://www.dhhs.vic.gov.au/sites/default/files/documents/202010/Stay%20Safe%20Directions%20%28Melbourne%29%20%28No%202%29%2028%20October%202020%20-%20signed.pdf
28/10/2020 11:59 PM,8/11/2020 11:59 PM,8/11/2020 11:59 PM,Restricted Activity Directions (Non-Melbourne) (No 11),28/10/2020 12:00 AM,Restricted Activity Directions (Victoria),https://www.dhhs.vic.gov.au/sites/default/files/documents/202010/Restricted%20Activity%20Directions%20%28Non-Melbourne%29%20%28No%2011%29%2028%20October%202020%20-%20signed.pdf
28/10/2020 11:59 PM,8/11/2020 11:59 PM,8/11/2020 11:59 PM,Care Facilities Directions (No 15),28/10/2020 12:00 AM,Care Facilities Directions (No 16),https://www.dhhs.vic.gov.au/sites/default/files/documents/202010/Care%20Facilities%20Directions%20%28No%2015%29%20-%2028%20October%202020%20-%20signed.pdf
8/11/2020 11:59 PM,8/11/2020 11:59 PM,8/11/2020 11:59 PM,Revocation of Area Directions (No 9),8/11/2020 12:00 AM,,https://www.dhhs.vic.gov.au/sites/default/files/documents/202011/Revocation%20of%20Area%20Directions%20%28No%209%29%20-%208%20November%202020%20signed.PDF
8/11/2020 11:59 PM,6/12/2020 11:59 PM,22/11/2020 11:59 PM,Stay Safe Directions (Victoria),8/11/2020 12:00 AM,Stay Safe Directions (Victoria) (No 2),https://www.dhhs.vic.gov.au/sites/default/files/documents/202011/Stay%20Safe%20Directions%20%28Victoria%29%20-%208%20November%202020%20signed.PDF
8/11/2020 11:59 PM,6/12/2020 11:59 PM,22/11/2020 11:59 PM,Restricted Activity Directions (Victoria),8/11/2020 12:00 AM,Restricted Activity Directions (Victoria) (no 2),https://www.dhhs.vic.gov.au/sites/default/files/documents/202011/Restricted%20Activity%20Directions%20%28Victoria%29%20-%208%20November%202020%20signed.pdf
8/11/2020 11:59 PM,8/11/2020 11:59 PM,8/11/2020 11:59 PM,Revocation of Metro-Regional Work Travel Permit Scheme Directions,8/11/2020 12:00 AM,,https://www.dhhs.vic.gov.au/sites/default/files/documents/202011/Revocation%20of%20Metro-Regional%20Work%20Travel%20Permit%20Scheme%20Directions%20-%208%20November%202020%20signed.PDF
8/11/2020 11:59 PM,6/12/2020 11:59 PM,22/11/2020 11:59 PM,Workplace Directions (No 9),8/11/2020 12:00 AM,Workplace Directions (No 10),https://www.dhhs.vic.gov.au/sites/default/files/documents/202011/Workplace%20Directions%20%28No%209%29%20-%208%20November%202020%20signed.PDF
8/11/2020 11:59 PM,6/12/2020 11:59 PM,15/11/2020 11:59 PM,Workplace (Additional Industry Obligations) Directions (No 11),8/11/2020 12:00 AM,Workplace (Additional Industry Obligations) Directions (No 12),https://www.dhhs.vic.gov.au/sites/default/files/documents/202011/Workplace%20%28Additional%20Industry%20Obligations%29%20Directions%20%28No%2011%29%20-%208%20November%202020%20signed.PDF
8/11/2020 11:59 PM,6/12/2020 11:59 PM,22/11/2020 11:59 PM,Care Facilities Directions (No 16),8/11/2020 12:00 AM,Care Facilities Directions (No 17),https://www.dhhs.vic.gov.au/sites/default/files/documents/202011/Care%20Facilities%20Directions%20%28No%2016%29%20-%208%20November%202020%20signed.PDF
8/11/2020 11:59 PM,6/12/2020 11:59 PM,6/12/2020 11:59 PM,Diagnosed persons and close contacts Directions (No 13),8/11/2020 12:00 AM,Diagnosed persons and close contacts Directions (No 14),https://www.dhhs.vic.gov.au/sites/default/files/documents/202011/Diagnosed%20Persons%20and%20Close%20Contacts%20Directions%20%28No%2013%29%20-%208%20November%202020%20signed.PDF
8/11/2020 11:59 PM,6/12/2020 11:59 PM,22/11/2020 11:59 PM,Hospital Visitor Directions (No 14),8/11/2020 12:00 AM,Hospital Visitor Directions (No 15),https://www.dhhs.vic.gov.au/sites/default/files/documents/202011/Hospital%20Visitor%20Directions%20%28No%2014%29%20-%208%20November%202020%20signed.PDF
15/11/2020 11:59 PM,6/12/2020 11:59 PM,22/11/2020 11:59 PM,Workplace (Additional Industry Obligations) Directions (No 12),15/11/2020 12:00 AM,Workplace (Additional Industry Obligations) Directions (No 13),https://www.dhhs.vic.gov.au/sites/default/files/documents/202011/Workplace%20%28Additional%20Industry%20Obligations%29%20Directions%20%28No%2012%29%20-%2015%20November%202020.pdf
19/11/2020 11:59 PM,6/12/2020 11:59 PM,21/11/2020 11:59 PM,Community Transmission Zone Directions,19/11/2020 12:00 AM,Border Crossing Permit Scheme Directions,https://www.dhhs.vic.gov.au/sites/default/files/documents/202011/Community%20Transmission%20Zone%20Directions%20-%2019%20November%202020.pdf
21/11/2020 11:59 PM,6/12/2020 11:59 PM,6/12/2020 11:59 PM,Border Crossing Permit Scheme Directions,21/11/2020 12:00 AM,Border Crossing Permit Scheme Directions (No 2),https://www.dhhs.vic.gov.au/sites/default/files/documents/202011/Border%20Crossing%20Permit%20Scheme%20Directions%20-%2021%20November%202020%20-%20signed.pdf
22/11/2020 11:59 PM,6/12/2020 11:59 PM,6/12/2020 11:59 PM,Restricted Activity Directions (Victoria) (No 2),22/11/2020 12:00 AM,Restricted Activity Directions (Victoria) (No 3),https://www.dhhs.vic.gov.au/sites/default/files/documents/202011/Restricted%20Activity%20Directions%20%28Victoria%29%20%28No%202%29%20-%2022%20November%202020%20signed.pdf
22/11/2020 11:59 PM,6/12/2020 11:59 PM,29/11/2020 11:59 PM,Workplace Directions (No 10),22/11/2020 12:00 AM,Workplace Directions (No 11),https://www.dhhs.vic.gov.au/sites/default/files/documents/202011/Workplace%20Directions%20%28No%2010%29%20-%2022%20November%202020%20signed.pdf
22/11/2020 11:59 PM,6/12/2020 11:59 PM,6/12/2020 11:59 PM,Workplace (Additional Industry Obligations) Directions (No 13),22/11/2020 12:00 AM,Workplace (Additional Industry Obligations) Directions (No 14),https://www.dhhs.vic.gov.au/sites/default/files/documents/202011/Workplace%20%28Additional%20Industry%20Obligations%29%20Directions%20%28No%2013%29%20-%2022%20November%202020%20signed%20%281%29.pdf
22/11/2020 11:59 PM,6/12/2020 11:59 PM,6/12/2020 11:59 PM,Care Facilities Directions (No 17),22/11/2020 12:00 AM,Care Facilities Directions (No 18),https://www.dhhs.vic.gov.au/sites/default/files/documents/202011/Care%20Facilities%20Directions%20%28No%2017%29%20-%2022%20November%202020%20signed.pdf
22/11/2020 11:59 PM,6/12/2020 11:59 PM,6/12/2020 11:59 PM,Hospital Visitor Directions (No 15),22/11/2020 12:00 AM,Hospital Visitor Directions (No 16),https://www.dhhs.vic.gov.au/sites/default/files/documents/202011/Hospital%20Visitor%20Directions%20%28No%2015%29%20-%2022%20November%202020%20signed_1.pdf
29/11/2020 11:59 PM,6/12/2020 11:59 PM,6/12/2020 11:59 PM,Workplace Directions (No 11),29/11/2020 12:00 AM,Workplace Directions (No 12),https://www.dhhs.vic.gov.au/sites/default/files/documents/202011/Workplace%20Directions%20(No%2011)%20-%2029%20November%202020%20signed_3.pdf
22/11/2020 11:59 PM,6/12/2020 11:59 PM,29/11/2020 11:59 PM,Stay Safe Directions (Victoria) (No 2),22/11/2020 12:00 AM,Stay Safe Directions (Victoria) (No 3),https://www.dhhs.vic.gov.au/sites/default/files/documents/202011/Stay%20Safe%20Directions%20%28Victoria%29%20%28No%202%29%20-%2022%20November%202020%20signed.pdf
29/11/2020 11:59 PM,6/12/2020 11:59 PM,6/12/2020 11:59 PM,Stay Safe Directions (Victoria) (No 3),29/11/2020 12:00 AM,Stay Safe Directions (Victoria) (No 4),https://www.dhhs.vic.gov.au/sites/default/files/documents/202011/Stay%20Safe%20Directions%20(Victoria)%20(No%203)%20-%2029%20November%202020%20signed.pdf
6/12/2020 11:59 PM,3/01/2021 11:59 PM,12/12/2020 11:59 PM,Border Crossing Permit Scheme Directions (No 2),6/12/2020 12:00 AM,Revocation of Border Crossing Permit Scheme Directions (No 2),https://www.dhhs.vic.gov.au/sites/default/files/documents/202012/Border%20Crossing%20Permit%20Scheme%20Directions%20%28No%202%29%20-%206%20December%202020%20signed.pdf
6/12/2020 11:59 PM,3/01/2021 11:59 PM,16/12/2020 11:59 PM,Stay Safe Directions (Victoria) (No 4),6/12/2020 12:00 AM,Stay Safe Directions (Victoria) (No 5),https://www.dhhs.vic.gov.au/sites/default/files/documents/202012/Stay%20Safe%20Directions%20%28Victoria%29%20%28No%204%29%20-%206%20December%202020%20signed.pdf
6/12/2020 11:59 PM,3/01/2021 11:59 PM,9/12/2020 11:59 PM,Restricted Activity Directions (Victoria) (No 3),6/12/2020 12:00 AM,Restricted Activity Directions (Victoria) (No 4),https://www.dhhs.vic.gov.au/sites/default/files/documents/202012/Restricted%20Activity%20Directions%20%28Victoria%29%20%28No%203%29%20-%206%20December%202020%20signed.pdf
6/12/2020 11:59 PM,3/01/2021 11:59 PM,16/12/2020 11:59 PM,Workplace Directions (No 12),6/12/2020 12:00 AM,Workplace Directions (No 13),https://www.dhhs.vic.gov.au/sites/default/files/documents/202012/Workplace%20Directions%20%28No%2012%29%20-%206%20December%202020%20signed_0.pdf
6/12/2020 11:59 PM,3/01/2021 11:59 PM,3/01/2021 11:59 PM,Workplace (Additional Industry Obligations) Directions (No 14),6/12/2020 12:00 AM,Workplace (Additional Industry Obligations) Directions (No 15),https://www.dhhs.vic.gov.au/sites/default/files/documents/202012/Workplace%20%28Additional%20Industry%20Obligations%29%20Directions%20%28No%2014%29%20-%206%20December%202020%20signed.pdf
6/12/2020 11:59 PM,3/01/2021 11:59 PM,3/01/2021 11:59 PM,Care Facilities Directions (No 18),6/12/2020 12:00 AM,Care Facilities Directions (No 19),https://www.dhhs.vic.gov.au/sites/default/files/documents/202012/Care%20Facilities%20Directions%20%28No%2018%29%20-%206%20December%202020%20signed.pdf
6/12/2020 11:59 PM,3/01/2021 11:59 PM,3/01/2021 11:59 PM,Diagnosed persons and close contacts Directions (No 14),6/12/2020 12:00 AM,Diagnosed persons and close contacts Directions (No 15),https://www.dhhs.vic.gov.au/sites/default/files/documents/202012/Diagnosed%20Persons%20and%20Close%20Contacts%20Directions%20%28No%2014%29%20-%206%20December%202020%20signed.pdf
6/12/2020 11:59 PM,3/01/2021 11:59 PM,3/01/2021 11:59 PM,Hospital Visitor Directions (No 16),6/12/2020 12:00 AM,Hospital Visitor Directions (No 17),https://www.dhhs.vic.gov.au/sites/default/files/documents/202012/Hospital%20Visitor%20Directions%20%28No%2016%29%20-%206%20December%202020.pdf
9/12/2020 11:59 PM,3/01/2021 11:59 PM,3/01/2021 11:59 PM,Restricted Activity Directions (Victoria) (No 4),9/12/2020 12:00 AM,Restricted Activity Directions (Victoria) (No 5),https://www.dhhs.vic.gov.au/sites/default/files/documents/202012/Restricted%20Activity%20Directions%20%28Victoria%29%20%28No%204%29%20-%209%20December%202020%20%28signed%29.pdf
12/12/2020 11:59 PM,12/12/2020 11:59 PM,12/12/2020 11:59 PM,Revocation of Border Crossing Permit Scheme Directions (No 2),12/12/2020 12:00 AM,,https://www.dhhs.vic.gov.au/sites/default/files/documents/202012/Revocation%20of%20Border%20Crossing%20Permit%20Scheme%20Directions%20%28No%202%29%20-%2012%20December%202020%20-%20signed.pdf
16/12/2020 11:59 PM,3/01/2021 11:59 PM,18/12/2020 11:59 PM,Stay Safe Directions (Victoria) (No 5),16/12/2020 12:00 AM,Stay Safe Directions (Victoria) (No 6),https://www.dhhs.vic.gov.au/sites/default/files/documents/202012/Stay%20Safe%20Directions%20%28Victoria%29%20%28No%205%29%20-%2016%20December%202020%20signed.pdf
16/12/2020 11:59 PM,3/01/2021 11:59 PM,31/12/2020 05:00 PM,Workplace Directions (No 13),16/12/2020 12:00 AM,Workplace Directions (No 14),https://www.dhhs.vic.gov.au/sites/default/files/documents/202012/Workplace%20Directions%20%28No%2013%29%20-%2016%20December%202020%20signed.pdf
18/12/2020 11:59 PM,3/01/2021 11:59 PM,20/12/2020 11:59 PM,New South Wales Border Crossing Permit Scheme Directions,18/12/2020 12:00 AM,New South Wales Border Crossing Permit Scheme Directions (No 2),http://www.gazette.vic.gov.au/gazette/Gazettes2020/GG2020S679.pdf
18/12/2020 11:59 PM,3/01/2021 11:59 PM,31/12/2020 05:00 PM,Stay Safe Directions (Victoria) (No 6),18/12/2020 12:00 AM,Stay Safe Directions (Victoria) (No 7),https://www.dhhs.vic.gov.au/sites/default/files/documents/202012/Stay%20Safe%20Directions%20%28Victoria%29%20%28No%206%29%20-%2018%20December%202020%20%28signed%29.pdf
20/12/2020 11:59 PM,3/01/2021 11:59 PM,30/12/2020 11:59 PM,New South Wales Border Crossing Permit Scheme Directions (No 2),20/12/2020 12:00 AM,New South Wales Border Crossing Permit Scheme Directions (No 3),https://www.dhhs.vic.gov.au/sites/default/files/documents/202012/NSW%20Border%20Crossing%20Permit%20Scheme%20Directions%20%28No%202%29%20-%2020%20December%202020%20signed.pdf
30/12/2020 11:59 PM,3/01/2021 11:59 PM,1/01/2021 12:59 AM,New South Wales Border Crossing Permit Scheme Directions (No 3),30/12/2020 12:00 AM,New South Wales Border Crossing Permit Scheme Directions (No 4),https://www.dhhs.vic.gov.au/sites/default/files/documents/202012/NSW%20Border%20Crossing%20Permit%20Scheme%20Directions%20%28No%203%29%20-%2030%20December%202020.pdf
1/01/2021 12:59 AM,3/01/2021 11:59 PM,1/01/2021 11:59 PM,New South Wales Border Crossing Permit Scheme Directions (No 4),1/01/2021 12:00 AM,New South Wales Border Crossing Permit Scheme Directions (No 5),https://www.dhhs.vic.gov.au/sites/default/files/documents/202101/NSW%20Border%20Crossing%20Permit%20Scheme%20Directions%20%28No%204%29%20-%201%20January%202021.pdf
31/12/2020 05:00 PM,3/01/2021 11:59 PM,3/01/2021 11:59 PM,Stay Safe Directions (Victoria) (No 7),31/12/2020 12:00 AM,Stay Safe Directions (Victoria) (No 8),https://www.dhhs.vic.gov.au/sites/default/files/documents/202012/stay-safe-direction-no-7-31-december-2020-covid-19-pdf.pdf
31/12/2020 05:00 PM,3/01/2021 11:59 PM,3/01/2021 11:59 PM,Workplace Directions (No 14),31/12/2020 12:00 AM,Workplace Directions (No 15),https://www.dhhs.vic.gov.au/sites/default/files/documents/202012/Workplace%20Directions%20%28No%2014%29%20-%2031%20December%202020%20-%20signed.pdf
1/01/2021 11:59 PM,3/01/2021 11:59 PM,3/01/2021 11:59 PM,New South Wales Border Crossing Permit Scheme Directions (No 5),1/01/2021 12:00 AM,New South Wales Border Crossing Permit Scheme Directions (No 6),https://www.dhhs.vic.gov.au/sites/default/files/documents/202101/NSW%20Border%20Crossing%20Permit%20Scheme%20Directions%20%28No%205%29%20-%201%20January%202021%20%28signed%29.pdf
3/01/2021 11:59 PM,29/01/2021 11:59 PM,5/01/2021 11:59 PM,New South Wales Border Crossing Permit Scheme Directions (No 6),3/01/2021 12:00 AM,New South Wales Border Crossing Permit Scheme Directions (No 7),https://www.dhhs.vic.gov.au/sites/default/files/documents/202101/NSW%20Border%20Crossing%20Permit%20Scheme%20Directions%20%28No%206%29%20-%203%20January%202021%20signed.pdf
3/01/2021 11:59 PM,29/01/2021 11:59 PM,11/01/2021 05:59 PM,Stay Safe Directions (Victoria) (No 8),3/01/2021 12:00 AM,Stay Safe Directions (Victoria) (No 9),https://www.dhhs.vic.gov.au/sites/default/files/documents/202101/Stay%20Safe%20Directions%20%28Victoria%29%20%28No%208%29%20-%203%20January%202021%20signed.pdf
3/01/2021 11:59 PM,29/01/2021 11:59 PM,29/01/2021 11:59 PM,Restricted Activity Directions (Victoria) (No 5),3/01/2021 12:00 AM,Restricted Activity Directions (Victoria) (No 6),https://www.dhhs.vic.gov.au/sites/default/files/documents/202101/Restricted%20Activity%20Directions%20%28Victoria%29%20%28No%205%29%20-%203%20January%202021%20signed.pdf
3/01/2021 11:59 PM,29/01/2021 11:59 PM,11/01/2021 05:59 PM,Workplace Directions (No 15),3/01/2021 12:00 AM,Workplace Directions (No 16),https://www.dhhs.vic.gov.au/sites/default/files/documents/202101/Workplace%20Directions%20%28No%2015%29%20-%203%20January%202021%20signed.pdf
3/01/2021 11:59 PM,29/01/2021 11:59 PM,11/01/2021 05:59 PM,Workplace (Additional Industry Obligations) Directions (No 15),3/01/2021 12:00 AM,Workplace (Additional Industry Obligations) Directions (No 16),https://www.dhhs.vic.gov.au/sites/default/files/documents/202101/Workplace%20%28Additional%20Industry%20Obligations%29%20Directions%20%28No%2015%29%20-%203%20January%202021%20signed.pdf
3/01/2021 11:59 PM,29/01/2021 11:59 PM,29/01/2021 11:59 PM,Care Facilities Directions (No 19),3/01/2021 12:00 AM,Care Facilities Directions (No 20),https://www.dhhs.vic.gov.au/sites/default/files/documents/202101/Care%20Facilities%20Directions%20(No%2019)%20-%203%20January%202021%20signed.pdf
3/01/2021 11:59 PM,29/01/2021 11:59 PM,29/01/2021 11:59 PM,Diagnosed persons and close contacts Directions (No 15),3/01/2021 12:00 AM,Diagnosed persons and close contacts Directions (No 16),https://www.dhhs.vic.gov.au/sites/default/files/documents/202101/Diagnosed%20Persons%20and%20Close%20Contacts%20Directions%20%28No%2015%29%20-%203%20January%202021%20signed.pdf
3/01/2021 11:59 PM,29/01/2021 11:59 PM,29/01/2021 11:59 PM,Hospital Visitor Directions (No 17),3/01/2021 12:00 AM,Hospital Visitor Directions (No 18),https://www.dhhs.vic.gov.au/sites/default/files/documents/202101/Hospital%20Visitor%20Directions%20%28No%2017%29%20-%203%20January%202021%20signed.pdf
5/01/2021 11:59 PM,29/01/2021 11:59 PM,7/01/2021 11:59 PM,New South Wales Border Crossing Permit Scheme Directions (No 7),5/01/2021 12:00 AM,New South Wales Border Crossing Permit Scheme Directions (No 8),https://www.dhhs.vic.gov.au/sites/default/files/documents/202101/NSW%20Border%20Crossing%20Permit%20Scheme%20Directions%20%28No%207%29%20-%205%20January%202021%20signed.pdf
7/01/2021 11:59 PM,29/01/2021 11:59 PM,8/01/2021 11:59 PM,New South Wales Border Crossing Permit Scheme Directions (No 8),7/01/2021 12:00 AM,New South Wales and Queensland Border Crossing Scheme Directions,https://www.dhhs.vic.gov.au/sites/default/files/documents/202101/NSW%20Border%20Crossing%20Permit%20Scheme%20Directions%20%28No%208%29%20-%207%20January%202021%20%28signed%29.pdf
8/01/2021 11:59 PM,29/01/2021 11:59 PM,11/01/2021 05:59 PM,New South Wales and Queensland Border Crossing Scheme Directions,8/01/2021 12:00 AM,Victorian Border Crossing Permit Directions,https://www.dhhs.vic.gov.au/sites/default/files/documents/202101/New%20South%20Wales%20and%20Queensland%20Border%20Crossing%20Scheme%20Directions%20%28signed%29.pdf
11/01/2021 05:59 PM,29/01/2021 11:59 PM,12/01/2021 11:59 PM,Victorian Border Crossing Permit Directions,11/01/2021 12:00 AM,Victorian Border Crossing Permit Directions (No 2),https://www.dhhs.vic.gov.au/sites/default/files/documents/202101/Victorian%20Border%20Crossing%20Permit%20Directions%20-%2011%20January%202021%20signed.pdf
11/01/2021 05:59 PM,29/01/2021 11:59 PM,17/01/2021 11:59 PM,Stay Safe Directions (Victoria) (No 9),11/01/2021 12:00 AM,Stay Safe Directions (Victoria) (No 10),https://www.dhhs.vic.gov.au/sites/default/files/documents/202101/Stay%20Safe%20Directions%20%28Victoria%29%20%28No%209%29%20-%2011%20January%202021%20signed.pdf
11/01/2021 05:59 PM,29/01/2021 11:59 PM,17/01/2021 11:59 PM,Workplace Directions (No 16),11/01/2021 12:00 AM,Workplace Directions (No 17),https://www.dhhs.vic.gov.au/sites/default/files/documents/202101/Workplace%20Directions%20(No%2016)%20-%2011%20January%202021%20signed.pdf
11/01/2021 05:59 PM,29/01/2021 11:59 PM,29/01/2021 11:59 PM,Workplace (Additional Industry Obligations) Directions (No 16),11/01/2021 12:00 AM,Workplace (Additional Industry Obligations) Directions (No 17),https://www.dhhs.vic.gov.au/sites/default/files/documents/202101/Workplace%20%28Additional%20Industry%20Obligations%29%20Directions%20%28No%2016%29%20-%2011%20January%202021%20signed.pdf
12/01/2021 11:59 PM,29/01/2021 11:59 PM,17/01/2021 11:59 PM,Victorian Border Crossing Permit Directions (No 2),12/01/2021 12:00 AM,Victorian Border Crossing Permit Directions (No 3),https://www.dhhs.vic.gov.au/sites/default/files/documents/202101/Victorian%20Border%20Crossing%20Permit%20Directions%20%28No%202%29%20-%2012%20January%202021%20signed.pdf
17/01/2021 11:59 PM,29/01/2021 11:59 PM,22/01/2021 11:59 PM,Victorian Border Crossing Permit Directions (No 3),17/01/2021 12:00 AM,Victorian Border Crossing Permit Directions (No 4),https://www.dhhs.vic.gov.au/sites/default/files/documents/202101/victorian-border-crossing-permit-directions-no-3-17-january-2021-pdf.pdf
17/01/2021 11:59 PM,29/01/2021 11:59 PM,22/01/2021 11:59 PM,Stay Safe Directions (Victoria) (No 10),17/01/2021 12:00 AM,Stay Safe Directions (Victoria) (No 11),http://www.gazette.vic.gov.au/gazette/Gazettes2021/GG2021S031.pdf
17/01/2021 11:59 PM,29/01/2021 11:59 PM,29/01/2021 11:59 PM,Workplace Directions (No 17),17/01/2021 12:00 AM,Workplace Directions (No 18),https://www.dhhs.vic.gov.au/sites/default/files/documents/202101/workplace-directions-no-17-17-january-2021-pdf.pdf
22/01/2021 11:59 PM,29/01/2021 11:59 PM,29/01/2021 11:59 PM,Victorian Border Crossing Permit Directions (No 4),22/01/2021 12:00 AM,Victorian Border Crossing Permit Directions (No 5),http://www.gazette.vic.gov.au/gazette/Gazettes2021/GG2021S038.pdf
22/01/2021 11:59 PM,29/01/2021 11:59 PM,29/01/2021 11:59 PM,Stay Safe Directions (Victoria) (No 11),22/01/2021 12:00 AM,Stay Safe Directions (Victoria) (No 12),http://www.gazette.vic.gov.au/gazette/Gazettes2021/GG2021S038.pdf
